CaseID,Language,Age,Gender,Race,Education,Yearsinbusiness,businessform,numberofemployees,Estimatedsalestur2ver,Firmownership,Listed,Industry,Memberoftradeassoction,Businesslifecycle,A1,A2,A3,A4,A5,CA1,CA2,CA3,CA4,CA5,CL1,CL2,CL3,CL4,CL5,FP1,FP2,FP3,FP4,FP5,OI1,OI2,OI3,OI4,OI5,P1,P2,P3,P4,P5,RT1,RT2,RT3,RT4,RT5,MeanA,MeanCA,MeanCL,MeanFP,MeanOI,MeanP,MeanRT,MAH_1,MAH_2,MAH_3
90,1,3,2,2,1,15,3,3,3,2,2,4,1,3,2,4,2,2,4,4,4,1,2,1,2,2,2,3,2,2,2,2,2,2,4,4,5,5,4,5,5,5,5,5,4,3,4,3,2,2.8,2.4,2.2,2,4.4,5,3.2,50.1286450955449,43.9048419940373,43.9048419940373
246,1,2,2,2,3,10,3,3,3,2,2,2,2,2,2,4,2,2,4,4,4,1,2,1,2,2,2,3,2,2,2,2,2,2,4,4,5,5,4,5,5,5,5,5,4,3,4,3,2,2.8,2.4,2.2,2,4.4,5,3.2,50.1286450955449,43.9048419940373,43.9048419940373
117,1,3,1,2,1,15,3,3,3,2,2,4,1,3,4,4,4,4,4,2,2,2,4,2,5,5,4,4,5,4,4,4,4,5,1,1,2,2,2,5,4,5,4,5,2,2,1,2,1,4,2.4,4.6,4.2,1.6,4.6,1.6,23.484693073131,22.1351816839096,22.1351816839096
273,1,3,1,2,1,15,3,3,3,2,2,4,1,3,4,4,4,4,4,2,2,2,4,2,5,5,4,4,5,4,4,4,4,5,1,1,2,2,2,5,4,5,4,5,2,2,1,2,1,4,2.4,4.6,4.2,1.6,4.6,1.6,23.484693073131,22.1351816839096,22.1351816839096
5,1,3,1,2,1,5,3,3,3,2,2,4,1,6,4,4,4,4,4,2,2,2,4,3,4,4,3,3,2,2,3,2,2,2,4,4,4,4,4,4,4,4,4,4,2,2,2,2,2,4,2.6,3.2,2.2,4,4,2,23.1363381017349,12.5129339170949,12.5129339170949
122,1,3,2,1,2,12,3,3,3,2,2,4,1,3,1,2,1,1,2,2,4,4,4,4,4,4,4,4,4,4,4,4,4,4,2,2,2,2,2,4,4,2,4,4,2,2,2,2,2,1.4,3.6,4,4,2,3.6,2,22.1432829220625,21.586798616325,21.586798616325
278,1,3,2,1,2,12,3,3,3,2,2,4,1,3,1,2,1,1,2,2,4,4,4,4,4,4,4,4,4,4,4,4,4,4,2,2,2,2,2,4,4,2,4,4,2,2,2,2,2,1.4,3.6,4,4,2,3.6,2,22.1432829220625,21.586798616325,21.586798616325
119,1,3,1,2,1,15,3,3,3,2,2,4,1,3,4,4,4,4,4,2,2,2,4,2,5,5,4,4,5,4,4,4,4,5,1,1,3,2,2,5,4,5,4,5,2,2,1,2,1,4,2.4,4.6,4.2,1.8,4.6,1.6,21.8929410483935,20.6224272963855,20.6224272963855
275,1,3,1,2,1,15,3,3,3,2,2,4,1,3,4,4,4,4,4,2,2,2,4,2,5,5,4,4,5,4,4,4,4,5,1,1,3,2,2,5,4,5,4,5,2,2,1,2,1,4,2.4,4.6,4.2,1.8,4.6,1.6,21.8929410483935,20.6224272963855,20.6224272963855
89,1,3,2,1,2,12,3,3,3,2,2,4,1,3,1,2,1,1,2,2,4,4,4,4,4,4,4,5,4,4,4,4,4,4,2,2,2,2,2,4,4,2,4,4,2,2,2,2,2,1.4,3.6,4.2,4,2,3.6,2,21.3348132894757,21.1305554922766,21.1305554922766
245,1,3,2,1,2,12,3,3,3,2,2,4,1,3,1,2,1,1,2,2,4,4,4,4,4,4,4,5,4,4,4,4,4,4,2,2,2,2,2,4,4,2,4,4,2,2,2,2,2,1.4,3.6,4.2,4,2,3.6,2,21.3348132894757,21.1305554922766,21.1305554922766
161,1,3,1,2,1,5,3,3,3,2,2,4,1,6,4,4,4,4,4,2,2,2,4,3,4,4,3,3,2,2,3,2,2,2,4,4,4,4,4,4,4,4,4,4,4,2,2,2,2,4,2.6,3.2,2.2,4,4,2.4,20.6691651624481,9.78483259931503,9.78483259931503
46,1,3,2,2,1,15,3,3,3,2,2,4,1,3,1,1,1,5,1,4,4,5,4,5,4,4,5,5,5,4,4,5,5,5,2,2,2,2,2,4,5,4,5,4,4,4,4,4,4,1.8,4.4,4.6,4.6,2,4.4,4,20.3110455042545,20.1244428413984,20.1244428413984
49,1,3,2,2,1,15,3,3,3,2,2,4,1,3,1,1,1,5,1,4,4,5,4,5,4,4,5,5,5,4,4,5,5,5,2,2,2,2,2,4,5,4,5,4,4,4,4,4,4,1.8,4.4,4.6,4.6,2,4.4,4,20.3110455042545,20.1244428413984,20.1244428413984
83,1,3,2,1,3,13,3,3,3,1,2,7,2,3,4,4,4,4,4,1,2,2,2,2,4,4,4,4,4,5,5,5,4,5,4,4,4,2,4,5,5,4,4,5,2,2,2,1,2,4,1.8,4,4.8,3.6,4.6,1.8,19.9826902849853,17.5649811839177,17.5649811839177
84,1,3,2,1,3,13,2,3,3,1,2,7,2,3,4,4,4,4,4,1,2,2,2,2,4,4,4,4,4,5,5,5,4,5,4,4,4,2,4,5,5,4,4,5,2,2,2,1,2,4,1.8,4,4.8,3.6,4.6,1.8,19.9826902849853,17.5649811839177,17.5649811839177
239,1,3,2,1,3,13,3,3,3,1,2,7,2,3,4,4,4,4,4,1,2,2,2,2,4,4,4,4,4,5,5,5,4,5,4,4,4,2,4,5,5,4,4,5,2,2,2,1,2,4,1.8,4,4.8,3.6,4.6,1.8,19.9826902849853,17.5649811839177,17.5649811839177
240,1,3,2,1,3,13,2,3,3,1,2,7,2,3,4,4,4,4,4,1,2,2,2,2,4,4,4,4,4,5,5,5,4,5,4,4,4,2,4,5,5,4,4,5,2,2,2,1,2,4,1.8,4,4.8,3.6,4.6,1.8,19.9826902849853,17.5649811839177,17.5649811839177
205,1,3,2,2,1,15,3,3,3,2,2,4,1,3,1,1,1,5,1,4,4,5,4,5,4,4,5,5,5,4,4,5,5,5,2,2,2,2,2,4,5,4,5,3,4,4,4,4,4,1.8,4.4,4.6,4.6,2,4.2,4,19.4432001875873,19.1341485209694,19.1341485209694
202,1,3,2,2,1,15,3,3,3,2,2,4,1,3,1,1,1,5,1,4,4,5,4,5,4,4,5,5,5,4,4,5,5,5,2,2,2,2,2,4,5,4,3,4,4,4,4,4,4,1.8,4.4,4.6,4.6,2,4,4,19.1077784425745,18.645551136406,18.645551136406
193,1,2,1,2,1,4,3,3,3,2,2,7,2,2,5,4,5,5,4,2,2,2,4,1,2,2,2,2,4,4,4,5,4,4,1,1,1,1,1,4,4,4,4,5,2,4,3,4,2,4.6,2.2,2.4,4.2,1,4.2,3,18.5892271959526,15.0827753350945,15.0827753350945
37,1,2,1,2,1,4,3,3,3,2,2,7,2,2,5,4,5,5,4,2,2,2,4,1,2,2,2,2,4,4,4,5,4,4,1,1,1,1,1,4,4,4,4,5,2,4,3,4,4,4.6,2.2,2.4,4.2,1,4.2,3.4,18.0400486446918,14.68101210929,14.68101210929
197,1,2,1,2,1,4,3,3,3,2,2,7,2,2,5,4,5,4,4,2,2,2,4,1,2,2,2,2,4,4,4,5,4,4,1,1,1,1,1,5,4,4,4,5,2,4,3,4,4,4.4,2.2,2.4,4.2,1,4.4,3.4,17.9069414021597,14.731468341334,14.731468341334
41,1,2,1,2,1,4,3,3,3,2,2,7,2,2,5,4,5,4,4,2,2,2,4,1,2,2,2,2,4,4,4,5,4,4,1,1,1,1,1,4,4,4,4,5,2,4,3,4,4,4.4,2.2,2.4,4.2,1,4.2,3.4,17.2706071818956,13.6380206380421,13.6380206380421
195,1,2,1,2,1,4,3,3,3,2,2,7,2,2,5,4,5,3,4,2,2,2,4,1,2,2,2,2,4,4,4,5,4,4,1,1,1,1,1,4,4,4,4,5,2,4,3,4,3,4.2,2.2,2.4,4.2,1,4.2,3.2,16.9315066251968,12.9355293920106,12.9355293920106
39,1,2,1,2,1,4,3,3,3,2,2,7,2,2,5,4,5,3,4,2,2,2,4,1,2,2,2,2,4,4,4,5,4,4,1,1,1,1,1,4,4,4,4,5,2,4,3,4,4,4.2,2.2,2.4,4.2,1,4.2,3.4,16.8030764155874,12.8862330123209,12.8862330123209
40,1,2,1,2,1,4,3,3,3,2,2,7,2,2,5,4,5,4,4,2,2,2,4,1,2,2,2,2,4,4,4,5,4,4,4,1,1,1,1,4,4,4,4,5,2,4,5,4,4,4.4,2.2,2.4,4.2,1.6,4.2,3.8,14.4937229946666,10.614036864283,10.614036864283
196,1,2,1,2,1,4,3,3,3,2,2,7,2,2,5,4,5,4,4,2,2,2,4,1,2,2,2,2,4,4,4,5,4,4,4,1,1,1,1,4,4,4,4,5,2,4,5,4,4,4.4,2.2,2.4,4.2,1.6,4.2,3.8,14.4937229946666,10.614036864283,10.614036864283
66,1,3,2,1,3,14,3,3,3,1,2,3,1,3,2,3,2,2,2,3,4,4,5,5,4,4,4,4,4,5,5,4,5,4,4,4,4,1,4,4,4,5,4,4,4,4,4,5,4,2.2,4.2,4,4.6,3.4,4.2,4.2,14.3787045638985,12.0448792781334,12.0448792781334
222,1,3,2,1,3,14,3,3,3,1,2,3,1,3,2,3,2,2,2,3,4,4,5,5,4,4,4,4,4,5,5,4,5,4,4,4,4,1,4,4,4,5,4,4,4,4,4,5,4,2.2,4.2,4,4.6,3.4,4.2,4.2,14.3787045638985,12.0448792781334,12.0448792781334
38,1,2,1,2,1,4,3,3,3,2,2,7,2,2,5,4,5,4,4,2,2,2,4,1,3,2,2,2,4,4,4,5,4,4,3,1,1,1,1,4,4,4,4,5,2,4,5,4,4,4.4,2.2,2.6,4.2,1.4,4.2,3.8,13.5156103413319,10.822243641309,10.822243641309
116,1,2,2,1,1,8,3,3,3,1,2,7,2,3,4,4,4,4,4,2,4,4,4,2,4,4,4,4,5,4,4,4,4,5,4,4,4,4,4,4,4,2,4,2,2,2,1,2,1,4,3.2,4.2,4.2,4,3.2,1.6,13.3864026001539,12.9626249825753,12.9626249825753
118,1,2,2,1,1,8,3,3,3,1,2,7,2,3,4,4,4,4,4,2,4,4,4,2,4,4,4,4,5,4,4,4,4,5,4,4,4,4,4,4,4,2,4,2,2,2,1,2,1,4,3.2,4.2,4.2,4,3.2,1.6,13.3864026001539,12.9626249825753,12.9626249825753
120,1,2,2,1,1,8,3,3,3,1,2,7,2,3,4,4,4,4,4,2,4,4,4,2,4,4,4,4,5,4,4,4,4,5,4,4,4,4,4,4,4,2,4,2,2,2,1,2,1,4,3.2,4.2,4.2,4,3.2,1.6,13.3864026001539,12.9626249825753,12.9626249825753
121,1,2,2,1,1,8,3,3,3,1,2,7,2,3,4,4,4,4,4,2,4,4,4,2,4,4,4,4,5,4,4,4,4,5,4,4,4,4,4,4,4,2,4,2,2,2,1,2,1,4,3.2,4.2,4.2,4,3.2,1.6,13.3864026001539,12.9626249825753,12.9626249825753
272,1,2,2,1,1,8,3,3,3,1,2,7,2,3,4,4,4,4,4,2,4,4,4,2,4,4,4,4,5,4,4,4,4,5,4,4,4,4,4,4,4,2,4,2,2,2,1,2,1,4,3.2,4.2,4.2,4,3.2,1.6,13.3864026001539,12.9626249825753,12.9626249825753
274,1,2,2,1,1,8,3,3,3,1,2,7,2,3,4,4,4,4,4,2,4,4,4,2,4,4,4,4,5,4,4,4,4,5,4,4,4,4,4,4,4,2,4,2,2,2,1,2,1,4,3.2,4.2,4.2,4,3.2,1.6,13.3864026001539,12.9626249825753,12.9626249825753
276,1,2,2,1,1,8,3,3,3,1,2,7,2,3,4,4,4,4,4,2,4,4,4,2,4,4,4,4,5,4,4,4,4,5,4,4,4,4,4,4,4,2,4,2,2,2,1,2,1,4,3.2,4.2,4.2,4,3.2,1.6,13.3864026001539,12.9626249825753,12.9626249825753
277,1,2,2,1,1,8,3,3,3,1,2,7,2,3,4,4,4,4,4,2,4,4,4,2,4,4,4,4,5,4,4,4,4,5,4,4,4,4,4,4,4,2,4,2,2,2,1,2,1,4,3.2,4.2,4.2,4,3.2,1.6,13.3864026001539,12.9626249825753,12.9626249825753
194,1,2,1,2,1,4,3,3,3,2,2,7,2,2,5,4,5,4,4,2,2,2,4,1,3,2,2,2,4,4,4,5,4,4,3,1,1,1,1,4,4,4,4,5,2,4,5,4,1,4.4,2.2,2.6,4.2,1.4,4.2,3.2,13.3450246034449,10.4522184086822,10.4522184086822
156,1,2,1,1,1,9,3,3,3,1,2,2,2,6,2,5,2,4,5,3,2,3,4,3,2,2,2,2,3,3,3,4,4,4,2,2,2,1,2,5,3,4,5,4,4,3,4,2,5,3.6,3,2.2,3.6,1.8,4.2,3.6,12.6503929667295,11.4682799722294,11.4682799722294
151,1,5,1,2,1,30,3,3,3,1,2,8,2,5,2,3,2,2,3,4,3,3,3,3,4,4,4,4,3,3,3,3,3,3,2,2,2,2,2,3,3,3,3,3,3,3,3,3,3,2.4,3.2,3.8,3,2,3,3,12.199839223866,10.0426253491686,10.0426253491686
152,1,5,1,2,1,30,3,3,3,1,2,8,2,5,2,3,2,2,3,4,3,3,3,3,4,4,4,4,3,3,3,3,3,3,2,2,2,2,2,3,3,3,3,3,3,3,3,3,3,2.4,3.2,3.8,3,2,3,3,12.199839223866,10.0426253491686,10.0426253491686
153,1,5,1,2,1,30,3,3,3,1,2,8,2,5,2,3,2,2,3,4,3,3,3,3,4,4,4,4,3,3,3,3,3,3,2,2,2,2,2,3,3,3,3,3,3,3,3,3,3,2.4,3.2,3.8,3,2,3,3,12.199839223866,10.0426253491686,10.0426253491686
174,1,3,1,2,1,15,2,3,3,2,2,9,2,5,4,4,4,4,4,2,2,2,2,3,3,3,3,3,2,3,3,2,2,2,5,2,2,2,2,3,4,3,3,3,3,4,4,4,4,4,2.2,2.8,2.4,2.6,3.2,3.8,12.1053838205146,7.78418924612493,7.78418924612493
61,1,3,2,1,3,14,3,3,3,1,2,3,1,3,2,4,2,2,2,3,4,4,5,5,4,4,4,4,4,5,5,4,5,4,4,4,4,1,4,4,4,5,4,4,4,4,4,5,4,2.4,4.2,4,4.6,3.4,4.2,4.2,11.8208355060102,9.70520956036905,9.70520956036905
217,1,3,2,1,3,14,3,3,3,1,2,3,1,3,2,4,2,2,2,3,4,4,5,5,4,4,4,4,4,5,5,4,5,4,4,4,4,1,4,4,4,5,4,4,4,4,4,5,4,2.4,4.2,4,4.6,3.4,4.2,4.2,11.8208355060102,9.70520956036905,9.70520956036905
138,1,4,1,2,1,25,3,3,3,1,2,4,1,4,2,4,2,4,4,3,2,2,2,1,4,4,2,2,2,3,3,3,2,2,2,2,2,3,2,5,5,3,4,3,3,4,3,3,4,3.2,2,2.8,2.6,2.2,4,3.4,11.80108789692,8.53209105331551,8.53209105331551
178,1,2,1,2,1,1.5,3,3,3,2,2,9,2,1,5,2,4,4,2,2,2,3,2,2,4,4,4,4,4,4,4,4,4,4,2,2,2,2,2,3,2,3,4,2,5,4,2,3,4,3.4,2.2,4,4,2,2.8,3.6,11.6753469552769,11.4718829199311,11.4718829199311
172,1,3,1,2,1,15,3,3,3,2,2,9,2,5,4,4,4,4,4,2,2,2,2,3,3,3,3,3,2,3,3,2,2,2,5,2,2,2,2,3,4,3,3,3,3,4,3,4,4,4,2.2,2.8,2.4,2.6,3.2,3.6,11.540591582072,7.30170384337806,7.30170384337806
14,1,3,1,2,1,15,3,3,3,2,2,9,2,5,4,4,4,4,4,2,2,2,2,3,3,3,3,3,2,3,3,2,2,2,5,2,2,2,2,3,4,3,3,3,3,4,2,4,4,4,2.2,2.8,2.4,2.6,3.2,3.4,11.1641982248233,7.00682590749767,7.00682590749767
16,1,3,1,2,1,15,3,3,3,2,2,9,2,5,4,4,4,4,4,2,2,2,2,3,3,3,3,3,2,3,3,2,2,2,5,2,2,2,2,3,4,3,3,3,3,4,2,4,4,4,2.2,2.8,2.4,2.6,3.2,3.4,11.1641982248233,7.00682590749767,7.00682590749767
17,1,3,1,2,1,15,3,3,3,2,2,9,2,5,4,4,4,4,4,2,2,2,2,3,3,3,3,3,2,3,3,2,2,2,5,2,2,2,2,3,4,3,3,3,3,4,2,4,4,4,2.2,2.8,2.4,2.6,3.2,3.4,11.1641982248233,7.00682590749767,7.00682590749767
18,1,3,1,2,1,15,2,3,3,2,2,9,2,5,4,4,4,4,4,2,2,2,2,3,3,3,3,3,2,3,3,2,2,2,5,2,2,2,2,3,4,3,3,3,3,4,2,4,4,4,2.2,2.8,2.4,2.6,3.2,3.4,11.1641982248233,7.00682590749767,7.00682590749767
173,1,3,1,2,1,15,3,3,3,2,2,9,2,5,4,4,4,4,4,2,2,2,2,3,3,3,3,3,2,3,3,2,2,2,5,2,2,2,2,3,4,3,3,3,3,4,2,4,4,4,2.2,2.8,2.4,2.6,3.2,3.4,11.1641982248233,7.00682590749767,7.00682590749767
170,1,3,1,2,1,15,3,3,3,2,2,9,2,5,4,4,4,4,4,2,2,2,2,3,3,3,3,3,2,3,3,2,2,2,5,2,2,2,2,3,4,3,3,3,3,3,2,4,4,4,2.2,2.8,2.4,2.6,3.2,3.2,10.9762037487685,6.89955543848377,6.89955543848377
21,1,2,1,2,1,1.5,3,3,3,2,2,9,2,1,4,2,4,4,2,2,2,3,2,2,4,4,4,4,4,4,4,4,4,4,2,2,2,2,2,3,2,3,4,2,5,4,2,2,4,3.2,2.2,4,4,2,2.8,3.4,10.8044019992096,10.5083252227947,10.5083252227947
177,1,2,1,2,1,1.5,3,3,3,2,2,9,2,1,4,2,4,4,2,2,2,3,2,2,4,4,4,4,4,4,4,4,4,4,2,2,2,2,2,3,2,3,4,2,5,4,2,2,4,3.2,2.2,4,4,2,2.8,3.4,10.8044019992096,10.5083252227947,10.5083252227947
22,1,2,1,2,1,1.5,3,3,3,2,2,9,2,1,5,2,4,4,2,2,2,3,2,2,4,4,4,4,4,4,4,4,4,4,2,2,2,2,2,3,2,3,4,2,5,4,2,2,4,3.4,2.2,4,4,2,2.8,3.4,10.7035791000081,10.4817736419829,10.4817736419829
179,1,2,1,2,1,1.5,3,3,3,2,2,9,2,1,5,2,4,4,2,2,2,3,2,2,4,4,4,4,4,4,4,4,4,4,2,2,2,2,2,3,2,3,4,2,3,4,2,4,4,3.4,2.2,4,4,2,2.8,3.4,10.7035791000081,10.4817736419829,10.4817736419829
1,1,3,1,2,1,12,2,3,3,2,2,11,1,2,5,5,5,5,5,3,4,4,5,2,4,5,2,2,2,4,4,4,3,4,1,1,4,3,4,5,5,5,5,5,3,4,4,4,5,5,3.6,3,3.8,2.6,5,4,10.5812650459629,10.275804799746,10.275804799746
3,1,3,1,2,1,12,2,3,3,2,2,11,1,2,5,5,5,5,5,3,4,4,5,2,4,5,2,2,2,4,4,4,3,4,1,1,4,3,4,5,5,5,5,5,3,4,4,4,5,5,3.6,3,3.8,2.6,5,4,10.5812650459629,10.275804799746,10.275804799746
176,1,2,1,2,1,1.5,2,3,3,2,2,9,2,1,4,2,4,4,2,2,2,3,2,2,4,4,4,4,4,4,4,4,4,4,5,2,2,2,2,3,2,3,4,2,3,4,4,3,4,3.2,2.2,4,4,2.6,2.8,3.6,10.4181106450323,10.0240040563132,10.0240040563132
157,1,2,1,2,1,12,2,3,3,2,2,11,1,2,5,5,5,5,5,3,4,4,5,2,4,5,2,2,2,4,4,4,3,4,1,1,4,3,4,5,5,5,5,5,4,4,4,4,5,5,3.6,3,3.8,2.6,5,4.2,10.2771954708991,9.94935108349924,9.94935108349924
159,1,3,1,2,1,12,2,3,3,2,2,11,1,2,5,5,5,5,5,3,4,4,5,2,4,5,2,2,2,4,4,4,3,4,1,1,4,3,4,5,5,5,5,5,4,4,4,4,5,5,3.6,3,3.8,2.6,5,4.2,10.2771954708991,9.94935108349924,9.94935108349924
175,1,2,1,2,1,1.5,3,3,3,2,2,9,2,1,4,2,4,4,2,2,2,3,2,2,5,4,4,4,4,4,4,4,4,4,5,2,2,2,2,3,2,3,4,2,3,4,4,2,4,3.2,2.2,4.2,4,2.6,2.8,3.4,10.1509035539919,10.0258411636829,10.0258411636829
127,1,3,2,1,1,15,3,3,3,1,2,7,2,3,4,5,4,4,5,4,5,5,4,5,4,4,5,5,5,4,4,4,5,4,2,2,4,2,4,5,4,5,4,5,4,4,4,4,4,4.4,4.6,4.6,4.2,2.8,4.6,4,10.0758018397421,7.83493457493665,7.83493457493665
128,1,3,2,1,1,15,3,3,3,1,2,7,2,3,4,5,4,4,5,4,5,5,4,5,4,4,5,5,5,4,4,4,5,4,2,2,4,2,4,5,4,5,4,5,4,4,4,4,4,4.4,4.6,4.6,4.2,2.8,4.6,4,10.0758018397421,7.83493457493665,7.83493457493665
86,1,2,2,2,1,9,3,3,3,2,2,4,1,2,4,4,4,4,4,2,4,4,4,3,5,5,5,5,4,5,5,5,4,5,3,3,4,2,4,4,4,2,4,4,2,2,1,2,2,4,3.4,4.8,4.8,3.2,3.6,1.8,9.91758623471678,9.25321714329722,9.25321714329722
87,1,2,2,2,1,9,3,3,3,2,2,4,1,2,4,4,4,4,4,2,4,4,4,3,5,5,5,5,4,5,5,5,4,5,3,3,4,2,4,4,4,2,4,4,2,2,1,2,2,4,3.4,4.8,4.8,3.2,3.6,1.8,9.91758623471678,9.25321714329722,9.25321714329722
88,1,2,2,2,1,9,3,3,3,2,2,4,1,2,4,4,4,4,4,2,4,4,4,3,5,5,5,5,4,5,5,5,4,5,3,3,4,2,4,4,4,2,4,4,2,2,1,2,2,4,3.4,4.8,4.8,3.2,3.6,1.8,9.91758623471678,9.25321714329722,9.25321714329722
242,1,2,2,2,1,9,3,3,3,2,2,4,1,2,4,4,4,4,4,2,4,4,4,3,5,5,5,5,4,5,5,5,4,5,3,3,4,2,4,4,4,2,4,4,2,2,1,2,2,4,3.4,4.8,4.8,3.2,3.6,1.8,9.91758623471678,9.25321714329722,9.25321714329722
243,1,2,2,2,1,9,3,3,3,2,2,4,1,2,4,4,4,4,4,2,4,4,4,3,5,5,5,5,4,5,5,5,4,5,3,3,4,2,4,4,4,2,4,4,2,2,1,2,2,4,3.4,4.8,4.8,3.2,3.6,1.8,9.91758623471678,9.25321714329722,9.25321714329722
244,1,2,2,2,1,9,3,3,3,2,2,4,1,2,4,4,4,4,4,2,4,4,4,3,5,5,5,5,4,5,5,5,4,5,3,3,4,2,4,4,4,2,4,4,2,2,1,2,2,4,3.4,4.8,4.8,3.2,3.6,1.8,9.91758623471678,9.25321714329722,9.25321714329722
85,1,2,2,2,1,9,3,3,3,2,2,4,1,2,4,4,4,4,4,2,4,4,4,3,5,5,5,5,4,5,5,5,4,5,3,3,5,2,4,4,4,2,4,4,2,2,1,2,2,4,3.4,4.8,4.8,3.4,3.6,1.8,9.76638651117796,9.04456222113491,9.04456222113491
241,1,2,2,2,1,9,3,3,3,2,2,4,1,2,4,4,4,4,4,2,4,4,4,3,5,5,5,5,4,5,5,5,4,5,3,3,5,2,4,4,4,2,4,4,2,2,1,2,2,4,3.4,4.8,4.8,3.4,3.6,1.8,9.76638651117796,9.04456222113491,9.04456222113491
2,1,3,1,2,1,12,2,3,3,2,2,11,1,2,5,5,5,5,5,3,4,4,5,2,5,5,2,2,2,4,5,4,3,4,1,1,4,3,4,5,5,5,5,5,3,4,4,4,5,5,3.6,3.2,4,2.6,5,4,9.56063628421471,9.43251993894764,9.43251993894764
15,1,3,1,2,1,15,3,3,3,2,2,9,2,5,4,4,4,4,4,2,2,2,2,3,3,3,3,3,2,3,4,2,2,2,5,2,2,2,2,3,4,3,3,3,3,4,2,4,4,4,2.2,2.8,2.6,2.6,3.2,3.4,9.40989177354193,7.00682590749767,7.00682590749767
23,1,2,1,2,1,1.5,3,3,3,2,2,9,2,1,5,2,4,4,2,2,2,3,2,2,4,4,4,4,4,4,4,4,4,4,2,2,2,2,2,3,2,3,4,2,3,4,2,2,4,3.4,2.2,4,4,2,2.8,3,9.32524003305229,9.06437748668605,9.06437748668605
158,1,3,1,2,1,12,2,3,3,2,2,11,1,2,5,5,5,5,5,3,4,4,5,2,5,5,2,2,2,4,5,4,3,4,1,1,4,3,4,5,5,5,5,5,4,4,4,4,5,5,3.6,3.2,4,2.6,5,4.2,9.32118544707915,9.17843309189738,9.17843309189738
171,1,3,1,2,1,15,3,3,3,2,2,9,2,5,4,4,4,4,4,2,2,2,2,3,3,3,3,3,2,3,4,2,2,2,5,2,2,2,2,3,4,3,3,3,3,3,1,4,4,4,2.2,2.8,2.6,2.6,3.2,3,9.26119379199311,6.97989243633636,6.97989243633636
8,1,3,1,3,1,5,3,3,3,1,2,9,2,2,3,3,3,3,3,4,4,3,4,3,5,5,4,4,5,5,5,4,4,4,3,3,4,3,4,5,5,4,5,5,3,4,5,2,3,3,3.6,4.6,4.4,3.4,4.8,3.4,8.9360232622826,8.78762321674236,8.78762321674236
164,1,3,1,3,1,5,3,3,3,1,2,9,2,2,3,3,3,3,3,4,4,3,4,3,5,5,4,4,5,5,5,4,4,4,3,3,4,3,4,5,5,4,5,5,4,4,5,2,3,3,3.6,4.6,4.4,3.4,4.8,3.6,8.85676540408922,8.69264346971931,8.69264346971931
19,1,2,1,2,1,1.5,3,3,3,2,2,9,2,1,4,2,4,4,2,2,2,3,2,2,5,4,4,4,4,4,4,4,4,4,5,2,2,2,2,3,2,3,4,2,3,4,2,2,4,3.2,2.2,4.2,4,2.6,2.8,3,8.73605048295411,8.58126615703766,8.58126615703766
20,1,2,1,2,1,1.5,2,3,3,2,2,9,2,1,4,2,4,4,2,2,2,3,2,2,4,4,4,4,4,4,4,4,4,4,5,2,2,2,2,3,2,3,4,2,3,4,2,2,4,3.2,2.2,4,4,2.6,2.8,3,8.26542706451955,7.7928309536352,7.7928309536352
9,1,3,1,3,1,7,3,3,3,1,2,9,2,5,4,4,4,5,4,4,5,5,4,5,3,3,5,5,2,4,4,4,4,3,2,2,4,1,4,5,5,4,4,4,4,4,5,5,5,4.2,4.6,3.6,3.8,2.6,4.4,4.6,7.95789658523944,7.14530145386324,7.14530145386324
165,1,3,1,2,1,7,3,3,3,1,2,9,2,5,4,4,4,5,4,4,5,5,4,5,3,3,5,5,2,4,4,4,4,3,2,2,4,1,4,5,5,4,4,4,4,4,5,5,5,4.2,4.6,3.6,3.8,2.6,4.4,4.6,7.95789658523944,7.14530145386324,7.14530145386324
97,1,3,1,3,1,15,3,3,3,3,2,3,1,3,4,4,4,4,4,1,2,2,4,2,4,4,5,5,5,4,4,4,4,5,2,2,4,2,4,4,4,2,4,4,2,4,2,2,3,4,2.2,4.6,4.2,2.8,3.6,2.6,7.69415867254197,7.51774409666428,7.51774409666428
98,1,3,1,3,1,15,2,3,3,3,2,3,1,3,4,4,4,4,4,1,2,2,4,2,4,4,5,5,5,4,4,4,4,5,2,2,4,2,4,4,4,2,4,4,2,4,2,2,3,4,2.2,4.6,4.2,2.8,3.6,2.6,7.69415867254197,7.51774409666428,7.51774409666428
99,1,3,1,3,1,15,3,3,3,3,2,3,1,3,4,4,4,4,4,1,2,2,4,2,4,4,5,5,5,4,4,4,4,5,2,2,4,2,4,4,4,2,4,4,2,4,2,2,3,4,2.2,4.6,4.2,2.8,3.6,2.6,7.69415867254197,7.51774409666428,7.51774409666428
253,1,3,1,3,1,15,3,3,3,3,2,3,1,3,4,4,4,4,4,1,2,2,4,2,4,4,5,5,5,4,4,4,4,5,2,2,4,2,4,4,4,2,4,4,2,4,2,2,3,4,2.2,4.6,4.2,2.8,3.6,2.6,7.69415867254197,7.51774409666428,7.51774409666428
254,1,3,1,3,1,15,2,3,3,3,2,3,1,3,4,4,4,4,4,1,2,2,4,2,4,4,5,5,5,4,4,4,4,5,2,2,4,2,4,4,4,2,4,4,2,4,2,2,3,4,2.2,4.6,4.2,2.8,3.6,2.6,7.69415867254197,7.51774409666428,7.51774409666428
255,1,3,1,3,1,15,3,3,3,3,2,3,1,3,4,4,4,4,4,1,2,2,4,2,4,4,5,5,5,4,4,4,4,5,2,2,4,2,4,4,4,2,4,4,2,4,2,2,3,4,2.2,4.6,4.2,2.8,3.6,2.6,7.69415867254197,7.51774409666428,7.51774409666428
104,1,3,2,1,3,20,3,3,3,1,2,1,1,3,4,4,4,4,4,3,3,3,3,3,4,4,5,5,5,4,4,4,4,5,4,4,4,3,4,4,5,4,4,5,4,4,5,4,5,4,3,4.6,4.2,3.8,4.4,4.4,7.66263494692702,6.70325885906296,6.70325885906296
106,1,3,2,1,3,20,3,3,3,1,2,1,1,3,4,4,4,4,4,3,3,3,3,3,4,4,5,5,5,4,4,4,4,5,4,4,4,3,4,4,5,4,4,5,4,4,5,4,5,4,3,4.6,4.2,3.8,4.4,4.4,7.66263494692702,6.70325885906296,6.70325885906296
260,1,3,2,1,3,20,3,3,3,1,2,1,1,3,4,4,4,4,4,3,3,3,3,3,4,4,5,5,5,4,4,4,4,5,4,4,4,3,4,4,5,4,4,5,4,4,5,4,5,4,3,4.6,4.2,3.8,4.4,4.4,7.66263494692702,6.70325885906296,6.70325885906296
262,1,3,2,1,3,20,3,3,3,1,2,1,1,3,4,4,4,4,4,3,3,3,3,3,4,4,5,5,5,4,4,4,4,5,4,4,4,3,4,4,5,4,4,5,4,4,5,4,5,4,3,4.6,4.2,3.8,4.4,4.4,7.66263494692702,6.70325885906296,6.70325885906296
4,1,3,1,1,1,5,3,3,3,1,2,4,2,6,4,4,4,4,4,4,4,3,4,4,4,4,4,4,4,4,4,4,4,4,4,4,4,4,4,4,4,4,5,4,2,2,2,2,4,4,3.8,4,4,4,4.2,2.4,7.43668269789109,7.35489502127901,7.35489502127901
10,1,3,1,3,1,7,3,3,3,1,2,9,2,5,3,4,4,5,4,4,5,5,4,5,3,3,5,5,2,4,4,4,4,3,2,2,4,1,4,5,5,4,4,4,4,4,5,5,5,4,4.6,3.6,3.8,2.6,4.4,4.6,7.40042414684177,6.714387188896,6.714387188896
166,1,3,1,2,1,7,3,3,3,1,2,9,2,5,3,4,4,5,4,4,5,5,4,5,3,3,5,5,2,4,4,4,4,3,2,2,4,1,4,5,5,4,4,4,4,4,5,5,5,4,4.6,3.6,3.8,2.6,4.4,4.6,7.40042414684177,6.714387188896,6.714387188896
7,1,3,1,3,1,5,2,3,3,3,2,11,2,1,5,5,5,4,5,3,4,4,4,4,4,4,5,5,4,4,4,4,3,4,5,5,3,5,3,4,4,4,4,5,3,3,4,4,3,4.8,3.8,4.4,3.8,4.2,4.2,3.4,6.97499496130666,4.01507243432913,4.01507243432913
62,1,2,1,3,1,9,3,3,3,1,2,3,1,3,4,3,4,4,4,2,4,4,3,2,4,4,4,4,5,5,5,5,4,5,4,4,5,2,4,5,4,5,4,5,4,4,4,5,4,3.8,3,4.2,4.8,3.8,4.6,4.2,6.70847026371129,5.61845916607856,5.61845916607856
218,1,2,1,3,1,9,3,3,3,1,2,3,1,3,4,3,4,4,4,2,4,4,3,2,4,4,4,4,5,5,5,5,4,5,4,4,5,2,4,5,4,5,4,5,4,4,4,5,4,3.8,3,4.2,4.8,3.8,4.6,4.2,6.70847026371129,5.61845916607856,5.61845916607856
12,1,3,1,3,1,7,2,3,3,1,2,9,2,5,2,4,4,5,4,4,5,5,4,5,3,3,5,5,2,4,5,4,4,3,2,2,4,1,4,5,5,4,4,4,4,4,5,5,5,3.8,4.6,3.6,4,2.6,4.4,4.6,6.64560596701226,6.57467676945538,6.57467676945538
129,1,2,2,2,2,8,3,3,3,2,2,8,1,2,5,4,5,4,4,3,2,4,3,2,4,4,4,4,4,4,4,3,4,4,4,4,5,5,5,4,4,3,5,3,4,4,4,5,3,4.4,2.8,4,3.8,4.6,3.8,4,6.59572352584529,6.16368579819326,6.16368579819326
130,1,2,2,2,2,8,3,3,3,2,2,8,1,2,5,4,5,4,4,3,2,4,3,2,4,4,4,4,4,4,4,3,4,4,4,4,5,5,5,4,4,3,5,3,4,4,4,5,3,4.4,2.8,4,3.8,4.6,3.8,4,6.59572352584529,6.16368579819326,6.16368579819326
168,1,3,1,3,1,7,2,3,3,1,2,9,2,5,2,4,4,5,4,4,5,5,4,5,3,3,5,5,2,4,5,4,4,3,2,2,4,1,4,5,5,4,4,4,4,3,5,5,5,3.8,4.6,3.6,4,2.6,4.4,4.4,6.58185341078348,6.52112420171521,6.52112420171521
163,1,3,1,3,1,5,2,3,3,3,2,11,2,1,5,5,5,4,5,3,4,4,4,4,4,4,5,5,4,4,4,4,3,4,5,5,3,5,3,4,4,4,4,5,4,3,4,4,3,4.8,3.8,4.4,3.8,4.2,4.2,3.6,6.5264806744094,3.497715013788,3.497715013788
182,1,3,1,1,1,3,3,3,3,1,2,7,2,1,3,4,3,4,4,3,4,4,4,5,5,4,5,5,4,4,4,4,4,3,4,4,2,2,2,4,4,4,4,4,3,4,4,4,4,3.6,4,4.6,3.8,2.8,4,3.8,6.4950914932,3.44236692351355,3.44236692351355
137,1,3,1,2,1,15,3,3,3,2,2,9,2,3,4,4,4,4,4,4,4,4,4,4,5,5,5,5,4,4,4,4,4,4,4,4,4,4,4,5,4,4,5,5,3,4,4,4,4,4,4,4.8,4,4,4.6,3.8,6.48048644214332,3.00766710212736,3.00766710212736
26,1,3,1,1,1,3,3,3,3,1,2,7,2,1,3,4,3,4,4,3,4,4,4,5,5,4,5,5,4,4,4,4,4,3,4,4,2,2,2,4,4,4,4,4,3,4,4,3,4,3.6,4,4.6,3.8,2.8,4,3.6,6.36524732545092,3.38163920526551,3.38163920526551
200,1,2,1,3,1,7,2,3,3,3,2,3,2,2,4,4,4,3,4,2,3,4,3,3,4,4,4,4,4,4,4,4,4,4,2,2,2,2,2,4,4,2,4,4,4,4,4,4,4,3.8,3,4,4,2,3.6,4,6.025355678575,5.94238409124792,5.94238409124792
107,1,4,2,1,1,20,3,3,3,1,2,7,1,3,5,5,5,4,5,4,5,4,5,5,4,4,4,4,5,4,4,4,5,4,4,4,4,2,4,5,4,5,4,5,5,4,5,4,5,4.8,4.6,4.2,4.2,3.6,4.6,4.6,5.89330288692525,4.93907055860553,4.93907055860553
263,1,4,2,1,1,20,3,3,3,1,2,7,1,3,5,5,5,4,5,4,5,4,5,5,4,4,4,4,5,4,4,4,5,4,4,4,4,2,4,5,4,5,4,5,5,4,5,4,5,4.8,4.6,4.2,4.2,3.6,4.6,4.6,5.89330288692525,4.93907055860553,4.93907055860553
102,1,3,2,1,3,20,3,3,3,1,2,1,1,3,4,4,4,4,4,3,3,3,3,3,4,4,5,4,5,4,4,4,4,5,4,4,4,3,4,4,5,4,4,5,4,4,5,4,5,4,3,4.4,4.2,3.8,4.4,4.4,5.86354230463193,5.39370390947763,5.39370390947763
258,1,3,2,1,3,20,3,3,3,1,2,1,1,3,4,4,4,4,4,3,3,3,3,3,4,4,5,4,5,4,4,4,4,5,4,4,4,3,4,4,5,4,4,5,4,4,5,4,5,4,3,4.4,4.2,3.8,4.4,4.4,5.86354230463193,5.39370390947763,5.39370390947763
169,1,3,1,3,1,7,3,3,3,1,2,9,2,5,4,4,4,5,4,4,5,5,4,5,3,3,5,5,2,4,4,4,4,3,5,2,4,1,4,5,5,4,4,4,4,3,5,5,5,4.2,4.6,3.6,3.8,3.2,4.4,4.4,5.84522125076599,5.23992777478169,5.23992777478169
186,1,4,1,1,1,3,3,3,3,1,2,9,2,2,3,4,3,3,4,2,3,3,3,3,2,3,3,3,4,3,5,4,3,3,3,3,3,2,3,4,4,3,4,3,3,4,3,1,3,3.4,2.8,3,3.6,2.8,3.6,2.8,5.83285337884532,5.44524134143311,5.44524134143311
13,1,3,1,3,1,7,3,3,3,1,2,9,2,5,4,4,4,5,4,4,5,5,4,5,3,3,5,5,2,4,4,4,4,3,5,2,4,1,4,5,5,4,4,4,4,4,5,5,5,4.2,4.6,3.6,3.8,3.2,4.4,4.6,5.78467263297163,5.14803064933052,5.14803064933052
11,1,3,1,3,1,7,3,3,3,1,2,9,2,5,4,4,4,5,4,4,5,5,4,5,4,3,5,5,2,4,4,4,4,3,5,2,4,1,4,5,5,4,4,4,4,4,5,5,5,4.2,4.6,3.8,3.8,3.2,4.4,4.6,5.56647078282682,4.37416326432801,4.37416326432801
44,1,2,1,3,1,7,2,3,3,3,2,3,2,2,4,4,4,3,4,2,3,4,3,3,4,4,4,4,4,4,4,4,4,4,2,2,2,2,2,4,4,4,4,4,4,4,4,4,4,3.8,3,4,4,2,4,4,5.56014322387193,5.27290554356413,5.27290554356413
167,1,3,1,2,1,12,3,3,3,1,2,9,2,5,4,4,4,5,4,4,5,5,4,5,4,3,5,5,2,4,4,4,4,3,5,2,4,1,4,5,5,4,4,4,4,3,5,5,5,4.2,4.6,3.8,3.8,3.2,4.4,4.4,5.54295461800957,4.39369352058269,4.39369352058269
69,1,3,2,1,1,15,3,3,3,1,2,7,1,3,4,4,4,4,4,1,4,4,3,3,4,4,5,5,4,5,5,5,4,4,4,4,4,4,4,4,5,2,4,4,4,5,4,5,4,4,3,4.4,4.6,4,3.8,4.4,5.3982767685504,4.91040940015036,4.91040940015036
74,1,3,2,1,1,15,3,3,3,1,2,7,1,3,4,4,4,4,4,1,4,4,3,3,4,4,5,5,4,5,5,5,4,4,4,4,4,4,4,4,5,2,4,4,4,5,4,5,4,4,3,4.4,4.6,4,3.8,4.4,5.3982767685504,4.91040940015036,4.91040940015036
78,1,3,2,1,1,15,3,3,3,1,2,7,1,3,4,4,4,4,4,1,4,4,3,3,4,4,5,5,4,5,5,5,4,4,4,4,4,4,4,4,5,2,4,4,4,5,4,5,4,4,3,4.4,4.6,4,3.8,4.4,5.3982767685504,4.91040940015036,4.91040940015036
225,1,3,2,1,1,15,3,3,3,1,2,7,1,3,4,4,4,4,4,1,4,4,3,3,4,4,5,5,4,5,5,5,4,4,4,4,4,4,4,4,5,2,4,4,4,5,4,5,4,4,3,4.4,4.6,4,3.8,4.4,5.3982767685504,4.91040940015036,4.91040940015036
230,1,3,2,1,1,15,3,3,3,1,2,7,1,3,4,4,4,4,4,1,4,4,3,3,4,4,5,5,4,5,5,5,4,4,4,4,4,4,4,4,5,2,4,4,4,5,4,5,4,4,3,4.4,4.6,4,3.8,4.4,5.3982767685504,4.91040940015036,4.91040940015036
234,1,3,2,1,1,15,3,3,3,1,2,7,1,3,4,4,4,4,4,1,4,4,3,3,4,4,5,5,4,5,5,5,4,4,4,4,4,4,4,4,5,2,4,4,4,5,4,5,4,4,3,4.4,4.6,4,3.8,4.4,5.3982767685504,4.91040940015036,4.91040940015036
52,1,4,1,3,1,15,3,3,3,3,2,3,1,3,4,3,4,4,4,4,5,4,5,4,4,4,4,4,4,5,5,5,4,5,5,5,4,2,4,4,5,4,4,4,4,5,4,4,4,3.8,4.4,4,4.8,4,4.2,4.2,5.21776218153697,2.90623214178554,2.90623214178554
208,1,4,1,3,1,15,3,3,3,3,2,3,1,3,4,3,4,4,4,4,5,4,5,4,4,4,4,4,4,5,5,5,4,5,5,5,4,2,4,4,5,4,4,4,4,5,4,4,4,3.8,4.4,4,4.8,4,4.2,4.2,5.21776218153697,2.90623214178554,2.90623214178554
30,1,4,1,1,1,3,3,3,3,1,2,9,2,2,3,4,3,3,4,2,3,3,3,3,2,3,3,3,4,3,5,4,3,3,3,3,3,2,3,4,4,3,4,3,3,4,3,3,3,3.4,2.8,3,3.6,2.8,3.6,3.2,4.90404340327221,4.56438734783969,4.56438734783969
6,1,3,1,3,1,5,3,3,3,3,2,11,2,1,3,5,5,4,5,3,4,4,4,4,4,4,5,5,4,4,4,4,3,4,5,5,3,5,3,4,4,4,4,5,3,3,4,4,3,4.4,3.8,4.4,3.8,4.2,4.2,3.4,4.8528452940626,2.37502827515358,2.37502827515358
183,1,3,1,1,1,3,3,3,3,1,2,7,2,1,3,4,3,4,4,3,4,4,4,5,4,4,5,5,4,4,4,4,4,3,4,4,2,2,2,4,4,4,4,4,3,4,4,2,4,3.6,4,4.4,3.8,2.8,4,3.4,4.82383481503307,2.82616312915867,2.82616312915867
160,1,3,1,1,1,5,3,3,3,1,2,4,2,6,4,4,4,4,4,4,4,3,4,4,4,4,4,4,4,4,4,4,4,4,4,4,4,4,4,4,4,4,5,4,4,2,2,2,4,4,3.8,4,4,4,4.2,2.8,4.73794320408917,4.63181696300442,4.63181696300442
113,1,3,1,1,1,14,3,3,3,1,2,3,1,3,4,4,4,4,4,2,4,4,5,4,4,4,4,4,4,5,5,5,4,5,5,5,4,4,4,4,4,5,4,5,4,4,4,5,5,4,3.8,4,4.8,4.4,4.4,4.4,4.68311013696653,2.68005323297667,2.68005323297667
114,1,3,1,1,1,14,3,3,3,1,2,3,1,3,4,4,4,4,4,2,4,4,5,4,4,4,4,4,4,5,5,5,4,5,5,5,4,4,4,4,4,5,4,5,4,4,4,5,5,4,3.8,4,4.8,4.4,4.4,4.4,4.68311013696653,2.68005323297667,2.68005323297667
115,1,3,1,1,1,14,3,3,3,1,2,3,1,3,4,4,4,4,4,2,4,4,5,4,4,4,4,4,4,5,5,5,4,5,5,5,4,4,4,4,4,5,4,5,4,4,4,5,5,4,3.8,4,4.8,4.4,4.4,4.4,4.68311013696653,2.68005323297667,2.68005323297667
269,1,3,1,1,1,14,3,3,3,1,2,3,1,3,4,4,4,4,4,2,4,4,5,4,4,4,4,4,4,5,5,5,4,5,5,5,4,4,4,4,4,5,4,5,4,4,4,5,5,4,3.8,4,4.8,4.4,4.4,4.4,4.68311013696653,2.68005323297667,2.68005323297667
270,1,3,1,1,1,14,3,3,3,1,2,3,1,3,4,4,4,4,4,2,4,4,5,4,4,4,4,4,4,5,5,5,4,5,5,5,4,4,4,4,4,5,4,5,4,4,4,5,5,4,3.8,4,4.8,4.4,4.4,4.4,4.68311013696653,2.68005323297667,2.68005323297667
271,1,3,1,1,1,14,3,3,3,1,2,3,1,3,4,4,4,4,4,2,4,4,5,4,4,4,4,4,4,5,5,5,4,5,5,5,4,4,4,4,4,5,4,5,4,4,4,5,5,4,3.8,4,4.8,4.4,4.4,4.4,4.68311013696653,2.68005323297667,2.68005323297667
27,1,3,1,1,1,3,3,3,3,1,2,7,2,1,3,4,3,4,4,3,4,4,4,5,4,4,5,5,4,4,4,4,4,3,4,4,2,2,2,4,4,4,4,4,3,4,4,3,4,3.6,4,4.4,3.8,2.8,4,3.6,4.68121531897664,2.62691651134373,2.62691651134373
28,1,3,1,1,1,3,2,3,3,1,2,7,2,1,3,4,3,4,4,3,4,4,4,5,4,4,5,5,4,4,4,4,4,3,4,4,2,2,2,4,4,4,4,4,3,4,4,3,4,3.6,4,4.4,3.8,2.8,4,3.6,4.68121531897664,2.62691651134373,2.62691651134373
184,1,3,1,1,1,3,2,3,3,1,2,7,2,1,3,4,3,4,4,3,4,4,4,5,4,4,5,5,4,4,4,4,4,3,4,4,2,2,2,4,4,4,4,4,3,4,4,3,4,3.6,4,4.4,3.8,2.8,4,3.6,4.68121531897664,2.62691651134373,2.62691651134373
187,1,4,1,1,1,3,3,3,3,1,2,9,2,2,2,4,3,3,4,2,3,3,3,3,3,3,3,3,4,3,3,4,3,3,3,3,3,2,3,4,4,3,4,3,3,4,3,2,3,3.2,2.8,3.2,3.2,2.8,3.6,3,4.58028028316629,4.22538341156286,4.22538341156286
110,1,2,2,2,1,12,3,3,3,2,2,4,1,3,4,5,4,4,5,3,4,4,5,4,4,4,4,4,4,5,5,4,5,5,4,4,5,4,5,4,4,4,5,4,4,5,4,4,5,4.4,4,4,4.8,4.4,4.2,4.4,4.49343565577482,2.5928763963489,2.5928763963489
111,1,2,2,2,1,12,3,3,3,2,2,4,1,3,4,5,4,4,5,3,4,4,5,4,4,4,4,4,4,5,5,4,5,5,4,4,5,4,5,4,4,4,5,4,4,5,4,4,5,4.4,4,4,4.8,4.4,4.2,4.4,4.49343565577482,2.5928763963489,2.5928763963489
112,1,2,2,2,1,12,3,3,3,2,2,4,1,3,4,5,4,4,5,3,4,4,5,4,4,4,4,4,4,5,5,4,5,5,4,4,5,4,5,4,4,4,5,4,4,5,4,4,5,4.4,4,4,4.8,4.4,4.2,4.4,4.49343565577482,2.5928763963489,2.5928763963489
266,1,2,2,2,1,12,3,3,3,2,2,4,1,3,4,5,4,4,5,3,4,4,5,4,4,4,4,4,4,5,5,4,5,5,4,4,5,4,5,4,4,4,5,4,4,5,4,4,5,4.4,4,4,4.8,4.4,4.2,4.4,4.49343565577482,2.5928763963489,2.5928763963489
267,1,2,2,2,1,12,3,3,3,2,2,4,1,3,4,5,4,4,5,3,4,4,5,4,4,4,4,4,4,5,5,4,5,5,4,4,5,4,5,4,4,4,5,4,4,5,4,4,5,4.4,4,4,4.8,4.4,4.2,4.4,4.49343565577482,2.5928763963489,2.5928763963489
268,1,2,2,2,1,12,3,3,3,2,2,4,1,3,4,5,4,4,5,3,4,4,5,4,4,4,4,4,4,5,5,4,5,5,4,4,5,4,5,4,4,4,5,4,4,5,4,4,5,4.4,4,4,4.8,4.4,4.2,4.4,4.49343565577482,2.5928763963489,2.5928763963489
162,1,3,1,3,1,5,3,3,3,3,2,11,2,1,3,5,5,4,5,3,4,4,4,4,4,4,5,5,4,4,4,4,3,4,5,5,3,5,3,4,4,4,4,5,4,3,4,4,3,4.4,3.8,4.4,3.8,4.2,4.2,3.6,4.45629063258933,1.91545235439177,1.91545235439177
31,1,4,1,1,1,3,3,3,3,1,2,9,2,2,2,4,3,3,4,2,3,3,3,3,3,3,3,3,4,3,3,4,3,3,3,3,3,2,3,4,4,3,4,3,3,4,3,3,3,3.2,2.8,3.2,3.2,2.8,3.6,3.2,4.35901142066718,3.98001776728555,3.98001776728555
32,1,4,1,1,1,3,3,3,3,1,2,9,2,2,2,4,3,3,4,2,3,3,3,3,3,3,3,3,4,3,3,4,3,3,3,3,3,2,3,4,4,3,4,3,3,4,3,3,3,3.2,2.8,3.2,3.2,2.8,3.6,3.2,4.35901142066718,3.98001776728555,3.98001776728555
188,1,4,1,1,1,3,3,3,3,1,2,9,2,2,2,4,3,3,4,2,3,3,3,3,3,3,3,3,4,3,3,4,3,3,3,3,3,2,3,4,4,3,4,3,3,4,3,3,3,3.2,2.8,3.2,3.2,2.8,3.6,3.2,4.35901142066718,3.98001776728555,3.98001776728555
76,1,2,2,2,1,8,3,3,3,2,2,1,2,3,4,5,4,5,5,4,5,4,5,4,4,4,4,4,4,5,5,5,4,5,4,4,4,3,4,4,5,4,5,4,4,5,4,5,4,4.6,4.4,4,4.8,3.8,4.4,4.4,4.20430154578169,3.10317037374072,3.10317037374072
81,1,2,2,2,1,8,3,3,3,2,2,1,2,3,4,5,4,5,5,4,5,4,5,4,4,4,4,4,4,5,5,5,4,5,4,4,4,3,4,4,5,4,5,4,4,5,4,5,4,4.6,4.4,4,4.8,3.8,4.4,4.4,4.20430154578169,3.10317037374072,3.10317037374072
232,1,2,2,2,1,8,3,3,3,2,2,1,2,3,4,5,4,5,5,4,5,4,5,4,4,4,4,4,4,5,5,5,4,5,4,4,4,3,4,4,5,4,5,4,4,5,4,5,4,4.6,4.4,4,4.8,3.8,4.4,4.4,4.20430154578169,3.10317037374072,3.10317037374072
237,1,2,2,2,1,8,3,3,3,2,2,1,2,3,4,5,4,5,5,4,5,4,5,4,4,4,4,4,4,5,5,5,4,5,4,4,4,3,4,4,5,4,5,4,4,5,4,5,4,4.6,4.4,4,4.8,3.8,4.4,4.4,4.20430154578169,3.10317037374072,3.10317037374072
36,1,3,1,2,1,15,3,3,3,2,2,4,1,2,4,5,4,4,5,3,4,4,3,2,4,4,3,3,5,4,5,4,4,5,4,4,4,1,4,4,3,4,3,4,4,4,5,4,4,4.4,3.2,3.8,4.4,3.4,3.6,4.2,4.11258915387376,3.16887851323901,3.16887851323901
192,1,3,1,2,1,15,3,3,3,2,2,4,1,2,4,5,4,4,5,3,4,4,3,2,4,4,3,3,5,4,5,4,4,5,4,4,4,1,4,4,3,4,3,4,4,4,5,4,4,4.4,3.2,3.8,4.4,3.4,3.6,4.2,4.11258915387376,3.16887851323901,3.16887851323901
101,1,2,1,2,1,7,3,3,3,2,2,3,1,2,4,4,4,4,4,2,4,4,3,3,4,4,3,2,4,4,4,4,4,4,3,3,4,2,4,4,4,2,4,4,4,4,5,4,5,4,3.2,3.4,4,3.2,3.6,4.4,4.04148021207906,3.58737511853851,3.58737511853851
257,1,2,1,2,1,7,3,3,3,2,2,3,1,2,4,4,4,4,4,2,4,4,3,3,4,4,3,2,4,4,4,4,4,4,3,3,4,2,4,4,4,2,4,4,4,4,5,4,5,4,3.2,3.4,4,3.2,3.6,4.4,4.04148021207906,3.58737511853851,3.58737511853851
24,1,2,2,1,1,6,3,3,3,1,2,4,2,2,5,3,4,4,3,2,3,2,4,2,3,3,3,3,4,4,4,4,4,4,1,1,4,1,4,5,5,3,4,3,3,2,4,2,4,3.8,2.6,3.2,4,2.2,4,3,3.82368859717727,3.17927854601828,3.17927854601828
180,1,2,2,1,1,6,3,3,3,1,2,4,2,2,5,3,4,4,3,2,3,2,4,2,3,3,3,3,4,4,4,4,4,4,1,1,4,1,4,5,5,3,4,3,3,2,4,2,4,3.8,2.6,3.2,4,2.2,4,3,3.82368859717727,3.17927854601828,3.17927854601828
25,1,3,1,1,1,3,3,3,3,1,2,7,2,1,4,4,3,4,4,3,4,4,4,5,4,4,5,5,4,4,5,4,4,3,4,4,2,2,2,4,4,4,4,4,3,4,4,3,4,3.8,4,4.4,4,2.8,4,3.6,3.82123090190995,2.78558147738144,2.78558147738144
181,1,3,1,1,1,3,3,3,3,1,2,7,2,1,4,4,3,4,4,3,4,4,4,5,4,4,5,5,4,4,5,4,4,3,4,4,2,2,2,4,4,4,4,4,3,4,4,3,4,3.8,4,4.4,4,2.8,4,3.6,3.82123090190995,2.78558147738144,2.78558147738144
149,1,2,2,2,2,10,3,3,3,2,2,11,1,4,4,4,4,4,4,4,4,4,4,4,4,4,4,4,4,4,4,4,4,4,4,4,3,3,3,4,4,4,4,4,3,3,3,3,3,4,4,4,4,3.4,4,3,3.75312552513759,3.63782676271134,3.63782676271134
150,1,2,2,2,2,10,3,3,3,2,2,11,1,4,4,4,4,4,4,4,4,4,4,4,4,4,4,4,4,4,4,4,4,4,4,4,3,3,3,4,4,4,4,4,3,3,3,3,3,4,4,4,4,3.4,4,3,3.75312552513759,3.63782676271134,3.63782676271134
141,1,3,1,2,3,20,3,3,3,2,2,1,1,3,4,5,4,5,5,5,4,5,4,5,4,4,5,5,4,5,5,5,4,5,4,4,5,4,5,5,4,5,4,5,5,4,5,5,4,4.6,4.6,4.4,4.8,4.4,4.6,4.6,3.73939589185871,3.57400055111009,3.57400055111009
142,1,3,1,2,3,20,3,3,3,2,2,1,1,3,4,5,4,5,5,5,4,5,4,5,4,4,5,5,4,5,5,5,4,5,4,4,5,4,5,5,4,5,4,5,5,4,5,5,4,4.6,4.6,4.4,4.8,4.4,4.6,4.6,3.73939589185871,3.57400055111009,3.57400055111009
143,1,3,1,2,3,20,3,3,3,2,2,1,1,3,4,5,4,5,5,5,4,5,4,5,4,4,5,5,4,5,5,5,4,5,4,4,5,4,5,5,4,5,4,5,5,4,5,5,4,4.6,4.6,4.4,4.8,4.4,4.6,4.6,3.73939589185871,3.57400055111009,3.57400055111009
29,1,4,1,1,1,3,3,3,3,1,2,9,2,2,3,4,3,3,4,2,3,3,3,3,3,3,3,3,4,3,3,4,3,3,3,3,3,2,3,4,4,3,4,3,3,4,3,3,3,3.4,2.8,3.2,3.2,2.8,3.6,3.2,3.71561929164876,3.24118527075713,3.24118527075713
185,1,4,1,1,1,3,3,3,3,1,2,9,2,2,3,4,3,3,4,2,3,3,3,3,3,3,3,3,4,3,3,4,3,3,3,3,3,2,3,4,4,3,4,3,3,4,3,4,3,3.4,2.8,3.2,3.2,2.8,3.6,3.4,3.65676949763155,3.15453634345664,3.15453634345664
190,1,3,1,2,1,15,3,3,3,2,2,4,1,2,4,5,4,3,5,3,4,4,3,2,4,4,3,3,5,4,4,4,4,5,4,4,4,1,4,4,3,4,3,4,4,4,5,4,5,4.2,3.2,3.8,4.2,3.4,3.6,4.4,3.53462909822348,3.24739590630122,3.24739590630122
70,1,2,2,2,1,8,3,3,3,2,2,1,2,3,4,5,4,5,5,4,5,4,5,4,4,4,4,5,4,5,5,5,4,5,4,4,5,3,4,4,5,4,5,4,4,5,4,5,4,4.6,4.4,4.2,4.8,4,4.4,4.4,3.43854332697801,2.81470851544308,2.81470851544308
226,1,2,2,2,1,8,3,3,3,2,2,1,2,3,4,5,4,5,5,4,5,4,5,4,4,4,4,5,4,5,5,5,4,5,4,4,5,3,4,4,5,4,5,4,4,5,4,5,4,4.6,4.4,4.2,4.8,4,4.4,4.4,3.43854332697801,2.81470851544308,2.81470851544308
47,1,2,1,2,1,9,3,3,3,2,2,6,1,3,4,5,4,4,5,3,4,4,5,5,5,5,4,4,5,5,5,4,4,5,4,4,5,4,5,4,4,4,4,4,4,4,4,4,4,4.4,4.2,4.6,4.6,4.4,4,4,3.39948595045137,3.37478357509579,3.37478357509579
131,1,3,1,3,1,13,3,3,3,3,2,2,1,3,4,4,4,4,4,3,4,3,4,3,4,4,4,4,4,4,4,4,4,5,4,4,5,4,5,4,4,5,4,4,4,5,5,4,4,4,3.4,4,4.2,4.4,4.2,4.4,3.32646274406122,3.31616020474726,3.31616020474726
132,1,3,1,3,1,13,3,3,3,3,2,2,1,3,4,4,4,4,4,3,4,3,4,3,4,4,4,4,4,4,4,4,4,5,4,4,5,4,5,4,4,5,4,4,4,5,5,4,4,4,3.4,4,4.2,4.4,4.2,4.4,3.32646274406122,3.31616020474726,3.31616020474726
133,1,3,1,3,1,13,3,3,3,3,2,2,1,3,4,4,4,4,4,3,4,3,4,3,4,4,4,4,4,4,4,4,4,5,4,4,5,4,5,4,4,5,4,4,4,5,5,4,4,4,3.4,4,4.2,4.4,4.2,4.4,3.32646274406122,3.31616020474726,3.31616020474726
134,1,3,1,3,1,13,3,3,3,3,2,2,1,3,4,4,4,4,4,3,4,3,4,3,4,4,4,4,4,4,4,4,4,5,4,4,5,4,5,4,4,5,4,4,4,5,5,4,4,4,3.4,4,4.2,4.4,4.2,4.4,3.32646274406122,3.31616020474726,3.31616020474726
135,1,3,1,3,1,13,3,3,3,3,2,2,1,3,4,4,4,4,4,3,4,3,4,3,4,4,4,4,4,4,4,4,4,5,4,4,5,4,5,4,4,5,4,4,4,5,5,4,4,4,3.4,4,4.2,4.4,4.2,4.4,3.32646274406122,3.31616020474726,3.31616020474726
56,1,3,1,2,1,10,3,3,3,2,2,1,1,3,4,4,4,4,4,2,4,4,4,3,5,5,4,4,4,5,5,5,5,4,4,4,4,2,4,4,5,4,5,4,4,4,5,5,4,4,3.4,4.4,4.8,3.6,4.4,4.4,3.32013037438065,2.80492263065424,2.80492263065424
212,1,3,1,2,1,10,3,3,3,2,2,1,1,3,4,4,4,4,4,2,4,4,4,3,5,5,4,4,4,5,5,5,5,4,4,4,4,2,4,4,5,4,5,4,4,4,5,5,4,4,3.4,4.4,4.8,3.6,4.4,4.4,3.32013037438065,2.80492263065424,2.80492263065424
100,1,2,1,2,1,7,3,3,3,2,2,3,1,2,4,4,4,4,4,2,4,4,3,3,4,4,3,3,4,4,4,4,4,4,3,3,4,2,4,4,4,2,4,4,4,4,5,4,5,4,3.2,3.6,4,3.2,3.6,4.4,3.25002859620126,3.1057476379777,3.1057476379777
103,1,2,1,2,1,7,3,3,3,2,2,3,1,2,4,4,4,4,4,2,4,4,3,3,4,4,3,3,4,4,4,4,4,4,3,3,4,2,4,4,4,2,4,4,4,4,5,4,5,4,3.2,3.6,4,3.2,3.6,4.4,3.25002859620126,3.1057476379777,3.1057476379777
105,1,2,1,2,1,7,3,3,3,2,2,3,1,2,4,4,4,4,4,2,4,4,3,3,4,4,3,3,4,4,4,4,4,4,3,3,4,2,4,4,4,2,4,4,4,4,5,4,5,4,3.2,3.6,4,3.2,3.6,4.4,3.25002859620126,3.1057476379777,3.1057476379777
256,1,2,1,2,1,7,3,3,3,2,2,3,1,2,4,4,4,4,4,2,4,4,3,3,4,4,3,3,4,4,4,4,4,4,3,3,4,2,4,4,4,2,4,4,4,4,5,4,5,4,3.2,3.6,4,3.2,3.6,4.4,3.25002859620126,3.1057476379777,3.1057476379777
259,1,2,1,2,1,7,3,3,3,2,2,3,1,2,4,4,4,4,4,2,4,4,3,3,4,4,3,3,4,4,4,4,4,4,3,3,4,2,4,4,4,2,4,4,4,4,5,4,5,4,3.2,3.6,4,3.2,3.6,4.4,3.25002859620126,3.1057476379777,3.1057476379777
261,1,2,1,2,1,7,3,3,3,2,2,3,1,2,4,4,4,4,4,2,4,4,3,3,4,4,3,3,4,4,4,4,4,4,3,3,4,2,4,4,4,2,4,4,4,4,5,4,5,4,3.2,3.6,4,3.2,3.6,4.4,3.25002859620126,3.1057476379777,3.1057476379777
57,1,3,1,2,1,10,3,3,3,2,2,1,1,3,4,5,4,4,4,2,4,4,4,3,5,5,4,4,4,5,5,5,5,4,4,4,4,2,4,4,5,4,5,4,4,4,5,5,4,4.2,3.4,4.4,4.8,3.6,4.4,4.4,3.20502237211499,2.78949693517326,2.78949693517326
213,1,3,1,2,1,10,3,3,3,2,2,1,1,3,4,5,4,4,4,2,4,4,4,3,5,5,4,4,4,5,5,5,5,4,4,4,4,2,4,4,5,4,5,4,4,4,5,5,4,4.2,3.4,4.4,4.8,3.6,4.4,4.4,3.20502237211499,2.78949693517326,2.78949693517326
54,1,3,2,3,1,12,3,3,3,3,2,3,1,2,4,3,4,4,4,2,4,4,4,4,4,4,3,3,4,4,4,5,5,4,3,3,4,4,4,4,4,4,4,4,4,4,4,3,4,3.8,3.6,3.6,4.4,3.6,4,3.8,3.20026088768754,1.55474067287654,1.55474067287654
210,1,3,2,3,1,12,3,3,3,3,2,3,1,2,4,3,4,4,4,2,4,4,4,4,4,4,3,3,4,4,4,5,5,4,3,3,4,4,4,4,4,4,4,4,4,4,4,3,4,3.8,3.6,3.6,4.4,3.6,4,3.8,3.20026088768754,1.55474067287654,1.55474067287654
55,1,2,1,2,1,7,3,3,3,2,2,4,1,2,4,4,4,4,4,2,4,4,3,3,4,4,4,4,5,4,4,5,4,4,4,2,5,4,4,3,4,4,4,2,4,3,4,3,4,4,3.2,4.2,4.2,3.8,3.4,3.6,3.1725012579885,3.08630308286726,3.08630308286726
211,1,2,1,2,1,7,3,3,3,2,2,4,1,2,4,4,4,4,4,2,4,4,3,3,4,4,4,4,5,4,4,5,4,4,4,2,5,4,4,3,4,4,4,2,4,3,4,3,4,4,3.2,4.2,4.2,3.8,3.4,3.6,3.1725012579885,3.08630308286726,3.08630308286726
139,1,4,1,2,1,15,3,3,3,2,2,1,1,3,4,5,4,4,5,4,4,5,4,5,4,4,4,4,4,4,4,4,4,5,3,3,4,3,4,4,4,4,5,5,4,5,5,5,4,4.4,4.4,4,4.2,3.4,4.4,4.6,3.15210392033669,2.96483272564328,2.96483272564328
140,1,4,1,2,1,15,3,3,3,2,2,1,1,3,4,5,4,4,5,4,4,5,4,5,4,4,4,4,4,4,4,4,4,5,3,3,4,3,4,4,4,4,5,5,4,5,5,5,4,4.4,4.4,4,4.2,3.4,4.4,4.6,3.15210392033669,2.96483272564328,2.96483272564328
126,1,3,1,2,3,16,3,3,3,2,2,1,1,3,4,4,4,4,4,2,4,4,4,2,4,4,4,4,4,4,4,2,4,5,4,4,4,2,4,4,5,4,4,5,4,4,5,4,4,4,3.2,4,3.8,3.6,4.4,4.2,3.10543862406678,1.88690442736283,1.88690442736283
282,1,3,1,2,3,16,3,3,3,2,2,1,1,3,4,4,4,4,4,2,4,4,4,2,4,4,4,4,4,4,4,2,4,5,4,4,4,2,4,4,5,4,4,5,4,4,5,4,4,4,3.2,4,3.8,3.6,4.4,4.2,3.10543862406678,1.88690442736283,1.88690442736283
283,1,2,2,2,3,10,2,3,3,2,2,2,2,2,4,4,4,4,4,2,4,4,4,2,4,4,4,4,4,4,4,2,4,5,4,4,4,2,4,4,5,4,4,5,4,4,5,4,4,4,3.2,4,3.8,3.6,4.4,4.2,3.10543862406678,1.88690442736283,1.88690442736283
34,1,3,1,2,1,15,3,3,3,2,2,4,1,2,4,5,4,3,5,3,4,4,3,2,4,4,3,3,5,4,4,4,4,5,4,4,4,1,4,4,3,4,3,4,4,4,5,4,4,4.2,3.2,3.8,4.2,3.4,3.6,4.2,2.89736460723119,2.58841339760461,2.58841339760461
33,1,3,1,2,1,15,3,3,3,2,2,4,1,2,4,5,4,4,5,3,4,4,3,2,4,4,3,3,5,4,4,4,4,5,4,4,4,1,4,4,3,4,3,4,4,4,3,4,4,4.4,3.2,3.8,4.2,3.4,3.6,3.8,2.74447293410468,2.47151739622456,2.47151739622456
35,1,3,1,2,1,15,2,3,3,2,2,4,1,2,4,5,4,4,5,3,4,4,3,2,4,4,3,3,5,4,4,4,4,5,4,4,4,1,4,4,3,4,3,4,4,4,3,4,4,4.4,3.2,3.8,4.2,3.4,3.6,3.8,2.74447293410468,2.47151739622456,2.47151739622456
189,1,3,1,2,1,15,3,3,3,2,2,4,1,2,4,5,4,4,5,3,4,4,3,2,4,4,3,3,5,4,4,4,4,5,4,4,4,1,4,4,3,4,3,4,4,4,3,4,4,4.4,3.2,3.8,4.2,3.4,3.6,3.8,2.74447293410468,2.47151739622456,2.47151739622456
191,1,3,1,2,1,15,2,3,3,2,2,4,1,2,4,5,4,4,5,3,4,4,3,2,4,4,3,3,5,4,4,4,4,5,4,4,4,1,4,4,3,4,3,4,4,4,3,4,3,4.4,3.2,3.8,4.2,3.4,3.6,3.6,2.69838489940607,2.40424803801705,2.40424803801705
144,1,4,1,2,3,20,3,3,3,2,2,1,1,3,4,5,4,4,5,3,4,4,5,4,5,5,4,4,4,5,5,5,4,5,4,4,5,4,5,5,5,4,4,5,4,4,4,5,4,4.4,4,4.4,4.8,4.4,4.6,4.2,2.69278584096103,2.37633158248858,2.37633158248858
145,1,4,1,2,3,20,3,3,3,2,2,1,1,3,4,5,4,4,5,3,4,4,5,4,5,5,4,4,4,5,5,5,4,5,4,4,5,4,5,5,5,4,4,5,4,4,4,5,4,4.4,4,4.4,4.8,4.4,4.6,4.2,2.69278584096103,2.37633158248858,2.37633158248858
146,1,4,1,2,3,20,3,3,3,2,2,1,1,3,4,5,4,4,5,3,4,4,5,4,5,5,4,4,4,5,5,5,4,5,4,4,5,4,5,5,5,4,4,5,4,4,4,5,4,4.4,4,4.4,4.8,4.4,4.6,4.2,2.69278584096103,2.37633158248858,2.37633158248858
203,1,2,1,2,1,9,3,3,3,2,2,6,1,3,4,5,4,4,5,3,4,4,5,5,5,5,4,4,5,5,5,4,4,5,4,4,5,4,5,4,4,4,4,5,4,4,4,4,4,4.4,4.2,4.6,4.6,4.4,4.2,4,2.69113263809316,2.6900290005043,2.6900290005043
82,1,4,1,3,1,25,3,3,3,1,2,1,1,3,4,5,4,4,5,4,5,4,5,4,5,5,4,5,4,5,5,4,4,5,5,5,5,2,4,4,4,5,4,5,4,5,4,5,4,4.4,4.4,4.6,4.6,4.2,4.4,4.4,2.6117372915994,2.57957895089342,2.57957895089342
238,1,4,1,3,1,25,3,3,3,1,2,1,1,3,4,5,4,4,5,4,5,4,5,4,5,5,4,5,4,5,5,4,4,5,5,5,5,2,4,4,4,5,4,5,4,5,4,5,4,4.4,4.4,4.6,4.6,4.2,4.4,4.4,2.6117372915994,2.57957895089342,2.57957895089342
73,1,2,1,2,1,8,3,3,3,2,2,1,1,3,4,4,4,5,4,4,5,4,4,5,4,4,5,5,5,4,4,4,5,5,5,5,4,3,4,4,4,5,4,5,4,5,4,5,4,4.2,4.4,4.6,4.4,4.2,4.4,4.4,2.60295750930236,2.24900227017485,2.24900227017485
77,1,2,1,2,1,8,3,3,3,2,2,1,1,3,4,4,4,5,4,4,5,4,4,5,4,4,5,5,5,4,4,4,5,5,5,5,4,3,4,4,4,5,4,5,4,5,4,5,4,4.2,4.4,4.6,4.4,4.2,4.4,4.4,2.60295750930236,2.24900227017485,2.24900227017485
80,1,2,1,2,1,8,3,3,3,2,2,1,1,3,4,4,4,5,4,4,5,4,4,5,4,4,5,5,5,4,4,4,5,5,5,5,4,3,4,4,4,5,4,5,4,5,4,5,4,4.2,4.4,4.6,4.4,4.2,4.4,4.4,2.60295750930236,2.24900227017485,2.24900227017485
229,1,2,1,2,1,8,3,3,3,2,2,1,1,3,4,4,4,5,4,4,5,4,4,5,4,4,5,5,5,4,4,4,5,5,5,5,4,3,4,4,4,5,4,5,4,5,4,5,4,4.2,4.4,4.6,4.4,4.2,4.4,4.4,2.60295750930236,2.24900227017485,2.24900227017485
233,1,2,1,2,1,8,3,3,3,2,2,1,1,3,4,4,4,5,4,4,5,4,4,5,4,4,5,5,5,4,4,4,5,5,5,5,4,3,4,4,4,5,4,5,4,5,4,5,4,4.2,4.4,4.6,4.4,4.2,4.4,4.4,2.60295750930236,2.24900227017485,2.24900227017485
236,1,2,1,2,1,8,3,3,3,2,2,1,1,3,4,4,4,5,4,4,5,4,4,5,4,4,5,5,5,4,4,4,5,5,5,5,4,3,4,4,4,5,4,5,4,5,4,5,4,4.2,4.4,4.6,4.4,4.2,4.4,4.4,2.60295750930236,2.24900227017485,2.24900227017485
123,1,3,1,2,3,16,3,3,3,2,2,1,1,3,4,4,4,4,4,2,4,4,4,2,4,4,4,4,5,4,4,4,4,5,4,4,4,2,4,4,5,4,4,5,4,4,5,4,4,4,3.2,4.2,4.2,3.6,4.4,4.2,2.53558358661022,2.35889769713353,2.35889769713353
279,1,3,1,2,3,16,3,3,3,2,2,1,1,3,4,4,4,4,4,2,4,4,4,2,4,4,4,4,5,4,4,4,4,5,4,4,4,2,4,4,5,4,4,5,4,4,5,4,4,4,3.2,4.2,4.2,3.6,4.4,4.2,2.53558358661022,2.35889769713353,2.35889769713353
53,1,3,1,2,1,25,3,3,3,2,2,4,1,4,4,3,4,4,4,2,3,2,3,3,4,4,4,4,4,4,4,4,4,4,4,4,4,2,4,4,4,4,4,3,2,3,3,3,4,3.8,2.6,4,4,3.6,3.8,3,2.41648260820734,2.41642144291603,2.41642144291603
209,1,3,1,2,1,25,3,3,3,2,2,4,1,4,4,3,4,4,4,2,3,2,3,3,4,4,4,4,4,4,4,4,4,4,4,4,4,2,4,4,4,4,4,3,2,3,3,3,4,3.8,2.6,4,4,3.6,3.8,3,2.41648260820734,2.41642144291603,2.41642144291603
147,1,3,1,4,1,10,3,3,3,2,2,8,2,5,4,4,4,4,4,2,3,4,4,4,4,4,4,4,2,4,4,4,4,4,3,3,4,2,4,5,5,3,5,3,3,4,4,2,2,4,3.4,3.6,4,3.2,4.2,3,2.31395542791159,2.2962816763089,2.2962816763089
148,1,3,1,4,1,10,3,3,3,2,2,8,2,5,4,4,4,4,4,2,3,4,4,4,4,4,4,4,2,4,4,4,4,4,3,3,4,2,4,5,5,3,5,3,3,4,4,2,2,4,3.4,3.6,4,3.2,4.2,3,2.31395542791159,2.2962816763089,2.2962816763089
154,1,4,1,2,1,15,3,3,3,2,2,1,1,3,4,4,4,4,4,3,4,4,5,4,4,4,5,5,4,4,4,5,4,5,2,2,4,4,4,4,5,4,5,4,4,4,5,4,5,4,4,4.4,4.4,3.2,4.4,4.4,2.27630386935349,2.13813339459327,2.13813339459327
155,1,4,1,2,1,15,3,3,3,2,2,1,1,3,4,4,4,4,4,3,4,4,5,4,4,4,5,5,4,4,4,5,4,5,2,2,4,4,4,4,5,4,5,4,4,4,5,4,5,4,4,4.4,4.4,3.2,4.4,4.4,2.27630386935349,2.13813339459327,2.13813339459327
72,1,4,1,3,1,25,3,3,3,1,2,1,1,3,4,5,4,4,5,4,5,4,5,4,5,5,4,4,4,5,5,4,4,5,5,5,4,2,4,4,4,5,4,5,4,5,4,5,4,4.4,4.4,4.4,4.6,4,4.4,4.4,2.22916103530815,2.22273086133785,2.22273086133785
228,1,4,1,3,1,25,3,3,3,1,2,1,1,3,4,5,4,4,5,4,5,4,5,4,5,5,4,4,4,5,5,4,4,5,5,5,4,2,4,4,4,5,4,5,4,5,4,5,4,4.4,4.4,4.4,4.6,4,4.4,4.4,2.22916103530815,2.22273086133785,2.22273086133785
108,1,3,1,1,1,13,3,3,3,1,2,1,1,3,4,4,4,4,4,3,4,4,4,4,4,4,5,5,4,5,5,5,4,5,2,2,4,4,4,4,4,5,4,5,4,4,4,4,5,4,3.8,4.4,4.8,3.2,4.4,4.2,2.20299069190632,1.79333646220196,1.79333646220196
109,1,3,1,1,1,13,3,3,3,1,2,1,1,3,4,4,4,4,4,3,4,4,4,4,4,4,5,5,4,5,5,5,4,5,2,2,4,4,4,4,4,5,4,5,4,4,4,4,5,4,3.8,4.4,4.8,3.2,4.4,4.2,2.20299069190632,1.79333646220196,1.79333646220196
264,1,3,1,1,1,13,3,3,3,1,2,1,1,3,4,4,4,4,4,3,4,4,4,4,4,4,5,5,4,5,5,5,4,5,2,2,4,4,4,4,4,5,4,5,4,4,4,4,5,4,3.8,4.4,4.8,3.2,4.4,4.2,2.20299069190632,1.79333646220196,1.79333646220196
265,1,3,1,1,1,13,3,3,3,1,2,1,1,3,4,4,4,4,4,3,4,4,4,4,4,4,5,5,4,5,5,5,4,5,2,2,4,4,4,4,4,5,4,5,4,4,4,4,5,4,3.8,4.4,4.8,3.2,4.4,4.2,2.20299069190632,1.79333646220196,1.79333646220196
79,1,3,1,2,1,15,3,3,3,2,2,4,1,3,4,4,4,4,4,3,4,5,5,5,4,4,4,4,4,4,4,5,4,4,4,4,5,2,4,4,4,5,4,5,4,5,4,5,4,4,4.4,4,4.2,3.8,4.4,4.4,2.11892343625039,2.07991965674403,2.07991965674403
235,1,3,1,2,1,15,3,3,3,2,2,4,1,3,4,4,4,4,4,3,4,5,5,5,4,4,4,4,4,4,4,5,4,4,4,4,5,2,4,4,4,5,4,5,4,5,4,5,4,4,4.4,4,4.2,3.8,4.4,4.4,2.11892343625039,2.07991965674403,2.07991965674403
58,1,4,1,2,3,20,3,3,3,2,2,7,1,3,4,4,4,5,5,4,4,4,5,4,4,4,4,4,4,4,4,4,4,5,4,4,4,2,4,4,5,4,4,5,5,4,5,5,4,4.4,4.2,4,4.2,3.6,4.4,4.6,2.09382117532861,1.94641621096885,1.94641621096885
214,1,4,1,2,3,20,3,3,3,2,2,7,1,3,4,4,4,5,5,4,4,4,5,4,4,4,4,4,4,4,4,4,4,5,4,4,4,2,4,4,5,4,4,5,5,4,5,5,4,4.4,4.2,4,4.2,3.6,4.4,4.6,2.09382117532861,1.94641621096885,1.94641621096885
71,1,3,1,2,1,15,3,3,3,2,2,4,1,3,4,4,4,4,4,3,4,5,5,5,4,4,4,4,4,4,4,5,4,4,4,4,4,2,4,4,4,5,4,5,4,5,4,5,4,4,4.4,4,4.2,3.6,4.4,4.4,2.07968018768475,2.02585257714098,2.02585257714098
227,1,3,1,2,1,15,3,3,3,2,2,4,1,3,4,4,4,4,4,3,4,5,5,5,4,4,4,4,4,4,4,5,4,4,4,4,4,2,4,4,4,5,4,5,4,5,4,5,4,4,4.4,4,4.2,3.6,4.4,4.4,2.07968018768475,2.02585257714098,2.02585257714098
68,1,2,2,1,2,8,3,3,3,1,2,1,1,2,4,2,4,4,4,2,4,4,4,4,4,4,5,5,4,4,4,4,5,4,4,4,4,3,4,4,4,4,5,4,4,4,4,5,4,3.6,3.6,4.4,4.2,3.8,4.2,4.2,2.04733818919363,1.85534115672425,1.85534115672425
224,1,2,2,1,2,8,3,3,3,1,2,1,1,2,4,2,4,4,4,2,4,4,4,4,4,4,5,5,4,4,4,4,5,4,4,4,4,3,4,4,4,4,5,4,4,4,4,5,4,3.6,3.6,4.4,4.2,3.8,4.2,4.2,2.04733818919363,1.85534115672425,1.85534115672425
93,1,3,2,3,3,8,3,3,3,3,2,3,1,2,4,4,4,4,4,4,3,4,4,4,4,4,4,4,3,4,4,5,4,5,4,4,4,3,4,4,4,5,5,4,4,4,4,4,3,4,3.8,3.8,4.4,3.8,4.4,3.8,1.9314168301803,1.4582147778976,1.4582147778976
249,1,3,2,3,3,8,3,3,3,3,2,3,1,2,4,4,4,4,4,4,3,4,4,4,4,4,4,4,3,4,4,5,4,5,4,4,4,3,4,4,4,5,5,4,4,4,4,4,3,4,3.8,3.8,4.4,3.8,4.4,3.8,1.9314168301803,1.4582147778976,1.4582147778976
124,1,3,1,2,3,16,3,3,3,2,2,1,1,3,4,4,4,4,4,2,4,4,4,2,4,4,4,4,4,4,4,4,4,5,4,4,4,2,4,4,5,4,4,5,4,4,5,4,4,4,3.2,4,4.2,3.6,4.4,4.2,1.9028587287857,1.88690442736283,1.88690442736283
125,1,3,1,2,3,16,3,3,3,2,2,1,1,3,4,4,4,4,4,2,4,4,4,2,4,4,4,4,4,4,4,4,4,5,4,4,4,2,4,4,5,4,4,5,4,4,5,4,4,4,3.2,4,4.2,3.6,4.4,4.2,1.9028587287857,1.88690442736283,1.88690442736283
280,1,3,1,2,3,16,3,3,3,2,2,1,1,3,4,4,4,4,4,2,4,4,4,2,4,4,4,4,4,4,4,4,4,5,4,4,4,2,4,4,5,4,4,5,4,4,5,4,4,4,3.2,4,4.2,3.6,4.4,4.2,1.9028587287857,1.88690442736283,1.88690442736283
281,1,3,1,2,3,16,3,3,3,2,2,1,1,3,4,4,4,4,4,2,4,4,4,2,4,4,4,4,4,4,4,4,4,5,4,4,4,2,4,4,5,4,4,5,4,4,5,4,4,4,3.2,4,4.2,3.6,4.4,4.2,1.9028587287857,1.88690442736283,1.88690442736283
45,1,3,1,2,1,12,3,3,3,2,2,7,2,3,4,4,4,4,4,3,4,4,4,5,4,4,5,5,5,5,4,4,5,4,4,4,4,2,4,4,5,4,4,5,4,4,4,4,4,4,4,4.6,4.4,3.6,4.4,4,1.892493207155,1.5823222809943,1.5823222809943
201,1,3,1,2,1,12,3,3,3,2,2,7,2,3,4,4,4,4,4,3,4,4,4,5,4,4,5,5,5,5,4,4,5,4,4,4,4,2,4,4,5,4,4,5,4,4,4,4,4,4,4,4.6,4.4,3.6,4.4,4,1.892493207155,1.5823222809943,1.5823222809943
75,1,4,1,3,1,25,2,3,3,1,2,1,1,3,4,3,4,4,5,4,5,4,5,4,5,5,4,4,4,5,5,4,4,5,5,5,3,2,4,4,4,5,4,5,4,5,4,5,4,4,4.4,4.4,4.6,3.8,4.4,4.4,1.79628380132457,1.75941652076838,1.75941652076838
231,1,4,1,3,1,25,2,3,3,1,2,1,1,3,4,3,4,4,5,4,5,4,5,4,5,5,4,4,4,5,5,4,4,5,5,5,3,2,4,4,4,5,4,5,4,5,4,5,4,4,4.4,4.4,4.6,3.8,4.4,4.4,1.79628380132457,1.75941652076838,1.75941652076838
199,1,3,1,2,1,13,3,3,3,2,2,7,1,3,4,4,4,4,4,3,4,4,4,5,4,4,5,5,4,4,4,5,4,5,4,4,4,3,4,5,4,5,5,4,4,4,5,4,4,4,4,4.4,4.4,3.8,4.6,4.2,1.72905266643393,1.59049954222742,1.59049954222742
59,1,2,2,1,2,8,2,3,3,1,2,1,1,2,4,4,4,4,4,2,4,4,4,4,4,4,5,5,4,4,4,4,5,4,4,4,5,3,4,4,4,4,5,4,4,4,4,5,4,4,3.6,4.4,4.2,4,4.2,4.2,1.65614764217216,1.35365332128493,1.35365332128493
215,1,2,2,1,2,8,2,3,3,1,2,1,1,2,4,4,4,4,4,2,4,4,4,4,4,4,5,5,4,4,4,4,5,4,4,4,5,3,4,4,4,4,5,4,4,4,4,5,4,4,3.6,4.4,4.2,4,4.2,4.2,1.65614764217216,1.35365332128493,1.35365332128493
64,1,2,2,1,2,8,3,3,3,1,2,1,1,2,4,3,4,4,4,2,4,4,4,4,4,4,5,5,4,4,4,4,5,4,4,4,4,3,4,4,4,4,5,4,4,4,4,5,4,3.8,3.6,4.4,4.2,3.8,4.2,4.2,1.61606319615983,1.35459279417215,1.35459279417215
67,1,2,2,1,2,8,3,3,3,1,2,1,1,2,4,3,4,4,4,2,4,4,4,4,4,4,5,5,4,4,4,4,5,4,4,4,4,3,4,4,4,4,5,4,4,4,4,5,4,3.8,3.6,4.4,4.2,3.8,4.2,4.2,1.61606319615983,1.35459279417215,1.35459279417215
220,1,2,2,1,2,8,3,3,3,1,2,1,1,2,4,3,4,4,4,2,4,4,4,4,4,4,5,5,4,4,4,4,5,4,4,4,4,3,4,4,4,4,5,4,4,4,4,5,4,3.8,3.6,4.4,4.2,3.8,4.2,4.2,1.61606319615983,1.35459279417215,1.35459279417215
223,1,2,2,1,2,8,3,3,3,1,2,1,1,2,4,3,4,4,4,2,4,4,4,4,4,4,5,5,4,4,4,4,5,4,4,4,4,3,4,4,4,4,5,4,4,4,4,5,4,3.8,3.6,4.4,4.2,3.8,4.2,4.2,1.61606319615983,1.35459279417215,1.35459279417215
92,1,3,2,3,3,8,3,3,3,3,2,3,1,2,4,4,4,4,4,4,3,4,4,4,4,4,4,4,4,4,4,5,4,5,4,4,5,3,4,4,4,5,5,4,4,4,4,4,3,4,3.8,4,4.4,4,4.4,3.8,1.54298582492875,1.35947554442188,1.35947554442188
248,1,3,2,3,3,8,3,3,3,3,2,3,1,2,4,4,4,4,4,4,3,4,4,4,4,4,4,4,4,4,4,5,4,5,4,4,5,3,4,4,4,5,5,4,4,4,4,4,3,4,3.8,4,4.4,4,4.4,3.8,1.54298582492875,1.35947554442188,1.35947554442188
63,1,2,2,1,2,8,3,3,3,1,2,1,1,2,4,4,4,4,4,2,4,4,4,4,4,4,5,5,4,4,4,4,5,4,4,4,4,3,4,4,4,4,5,4,4,4,4,5,4,4,3.6,4.4,4.2,3.8,4.2,4.2,1.4866988996141,1.14504827714667,1.14504827714667
65,1,2,2,1,2,8,3,3,3,1,2,1,1,2,4,4,4,4,4,2,4,4,4,4,4,4,5,5,4,4,4,4,5,4,4,4,4,3,4,4,4,4,5,4,4,4,4,5,4,4,3.6,4.4,4.2,3.8,4.2,4.2,1.4866988996141,1.14504827714667,1.14504827714667
219,1,2,2,1,2,8,3,3,3,1,2,1,1,2,4,4,4,4,4,2,4,4,4,4,4,4,5,5,4,4,4,4,5,4,4,4,4,3,4,4,4,4,5,4,4,4,4,5,4,4,3.6,4.4,4.2,3.8,4.2,4.2,1.4866988996141,1.14504827714667,1.14504827714667
221,1,2,2,1,2,8,3,3,3,1,2,1,1,2,4,4,4,4,4,2,4,4,4,4,4,4,5,5,4,4,4,4,5,4,4,4,4,3,4,4,4,4,5,4,4,4,4,5,4,4,3.6,4.4,4.2,3.8,4.2,4.2,1.4866988996141,1.14504827714667,1.14504827714667
42,1,3,1,2,1,13,2,3,3,2,2,7,1,3,4,4,4,5,4,3,4,4,4,5,4,4,5,5,4,4,4,5,4,5,4,4,4,3,4,5,4,4,5,4,4,4,5,4,4,4.2,4,4.4,4.4,3.8,4.4,4.2,1.17957136466519,1.07624415346493,1.07624415346493
48,1,3,1,2,1,12,3,3,3,2,2,7,2,3,4,4,4,3,4,3,4,4,4,5,5,4,5,4,4,5,5,4,5,4,4,4,4,2,4,4,5,4,4,5,4,4,4,4,4,3.8,4,4.4,4.6,3.6,4.4,4,1.15652750836467,1.06709775567513,1.06709775567513
198,1,3,1,2,1,13,2,3,3,2,2,7,1,3,4,4,4,5,4,3,4,4,4,5,4,4,5,5,4,4,4,5,4,5,4,4,4,3,4,5,3,4,5,4,4,4,5,4,4,4.2,4,4.4,4.4,3.8,4.2,4.2,1.12094179613061,1.08193686906835,1.08193686906835
91,1,3,2,3,3,8,2,3,3,3,2,3,1,2,4,4,4,4,4,4,3,4,4,4,4,4,4,4,4,4,4,5,4,5,4,4,4,3,4,4,4,5,5,4,4,4,4,4,3,4,3.8,4,4.4,3.8,4.4,3.8,1.06892509788843,.913793912944349,.913793912944349
94,1,3,2,3,3,8,3,3,3,3,2,3,1,2,4,4,4,4,4,4,3,4,4,4,4,4,4,4,4,4,4,5,4,5,4,4,4,3,4,4,4,5,5,4,4,4,4,4,3,4,3.8,4,4.4,3.8,4.4,3.8,1.06892509788843,.913793912944349,.913793912944349
95,1,3,2,3,3,8,3,3,3,3,2,3,1,2,4,4,4,4,4,4,3,4,4,4,4,4,4,4,4,4,4,5,4,5,4,4,4,3,4,4,4,5,5,4,4,4,4,4,3,4,3.8,4,4.4,3.8,4.4,3.8,1.06892509788843,.913793912944349,.913793912944349
96,1,3,2,3,3,8,3,3,3,3,2,3,1,2,4,4,4,4,4,4,3,4,4,4,4,4,4,4,4,4,4,5,4,5,4,4,4,3,4,4,4,5,5,4,4,4,4,4,3,4,3.8,4,4.4,3.8,4.4,3.8,1.06892509788843,.913793912944349,.913793912944349
247,1,3,2,3,3,8,2,3,3,3,2,3,1,2,4,4,4,4,4,4,3,4,4,4,4,4,4,4,4,4,4,5,4,5,4,4,4,3,4,4,4,5,5,4,4,4,4,4,3,4,3.8,4,4.4,3.8,4.4,3.8,1.06892509788843,.913793912944349,.913793912944349
250,1,3,2,3,3,8,3,3,3,3,2,3,1,2,4,4,4,4,4,4,3,4,4,4,4,4,4,4,4,4,4,5,4,5,4,4,4,3,4,4,4,5,5,4,4,4,4,4,3,4,3.8,4,4.4,3.8,4.4,3.8,1.06892509788843,.913793912944349,.913793912944349
251,1,3,2,3,3,8,3,3,3,3,2,3,1,2,4,4,4,4,4,4,3,4,4,4,4,4,4,4,4,4,4,5,4,5,4,4,4,3,4,4,4,5,5,4,4,4,4,4,3,4,3.8,4,4.4,3.8,4.4,3.8,1.06892509788843,.913793912944349,.913793912944349
252,1,3,2,3,3,8,3,3,3,3,2,3,1,2,4,4,4,4,4,4,3,4,4,4,4,4,4,4,4,4,4,5,4,5,4,4,4,3,4,4,4,5,5,4,4,4,4,4,3,4,3.8,4,4.4,3.8,4.4,3.8,1.06892509788843,.913793912944349,.913793912944349
43,1,3,1,2,1,13,3,3,3,2,2,7,1,3,4,4,4,4,4,3,4,4,4,5,4,4,5,5,4,4,4,5,4,5,4,4,4,3,4,5,4,4,5,4,4,4,5,4,4,4,4,4.4,4.4,3.8,4.4,4.2,1.05895293096484,.997310768973906,.997310768973906
204,1,3,1,2,1,12,3,3,3,2,2,7,2,3,4,4,4,3,4,3,4,4,4,5,5,4,5,4,4,5,5,4,5,4,4,4,4,2,4,4,5,4,4,4,4,4,4,4,4,3.8,4,4.4,4.6,3.6,4.2,4,1.00963652266099,.830710120307988,.830710120307988
136,1,4,1,2,1,20,3,3,3,2,2,1,1,3,4,4,4,4,4,3,4,4,4,4,4,4,5,5,4,5,5,4,4,5,4,4,4,2,4,4,4,5,4,5,4,4,4,4,4,4,3.8,4.4,4.6,3.6,4.4,4,.987691313918588,.930004010469778,.930004010469778
60,1,2,2,1,2,8,3,3,3,1,2,1,1,2,4,5,4,4,4,2,4,4,4,4,4,4,5,4,4,4,4,4,5,4,4,4,4,3,4,4,4,4,5,4,4,4,4,5,4,4.2,3.6,4.2,4.2,3.8,4.2,4.2,.869213364743819,.736974871174995,.736974871174995
216,1,2,2,1,2,8,3,3,3,1,2,1,1,2,4,5,4,4,4,2,4,4,4,4,4,4,5,4,4,4,4,4,5,4,4,4,4,3,4,4,4,4,5,4,4,4,4,5,4,4.2,3.6,4.2,4.2,3.8,4.2,4.2,.869213364743819,.736974871174995,.736974871174995
50,1,2,2,2,3,10,3,3,3,2,2,2,2,2,4,4,4,4,4,4,3,3,4,3,4,4,4,4,4,4,4,4,4,4,4,4,4,2,4,4,4,5,4,4,4,3,4,4,4,4,3.4,4,4,3.6,4.2,3.8,.475138409404447,.25830051282456,.25830051282456
51,1,2,2,2,3,10,2,3,3,2,2,2,2,2,4,4,4,4,4,4,3,3,4,3,4,4,4,4,4,4,4,4,4,4,4,4,4,2,4,4,4,5,4,4,4,3,4,4,4,4,3.4,4,4,3.6,4.2,3.8,.475138409404447,.25830051282456,.25830051282456
207,1,2,2,2,3,10,2,3,3,2,2,2,2,2,4,4,4,4,4,5,3,3,4,3,4,4,4,4,4,4,4,4,4,4,4,4,4,2,4,4,4,5,4,4,4,3,4,4,4,4,3.6,4,4,3.6,4.2,3.8,.408774382433784,.178413352423978,.178413352423978
206,1,2,2,2,3,10,3,3,3,2,2,2,2,2,4,4,4,4,4,4,3,3,4,3,4,4,4,4,4,4,4,4,4,4,4,4,4,2,4,4,4,5,4,3,4,3,4,4,4,4,3.4,4,4,3.6,4,3.8,.33091897821939,.214153452103983,.214153452103983
